1329364800,40.7144,-73.9999
1329364800,40.7736,-73.9599
1329364800,40.7569,-73.9904
1329364800,40.755,-73.9685
1329364800,40.7427,-73.9966
1329364800,40.7282,-73.9945
1329364800,40.7626,-73.9834
1329364800,40.742,-74.0041
1329364800,40.7498,-73.9882
1329364800,40.7313,-73.9823
1329364800,40.7239,-73.9982
1329364800,40.7198,-73.9929
1329364800,40.7215,-73.9838
1329364800,40.7453,-73.9755
1329364800,40.728,-73.9867
1329364800,40.764,-73.9887
1329364800,40.7444,-74.0029
1329364800,40.7585,-73.9894
1329364800,40.741,-73.9461
1329364800,40.794,-73.9705
1329364800,40.7558,-73.9982
1329364800,40.7441,-74.0068
1329364804,40.7652,-73.9794
1329364804,40.7515,-74.0034
1329364808,40.7584,-73.9904
1329364809,40.7512,-73.941
1329364809,40.7307,-74.0044
1329364810,40.7642,-73.9235
1329364811,40.7345,-73.9902
1329364812,40.7074,-74.012
1329364813,40.7196,-73.9914
1329364815,40.7533,-73.989
1329364819,40.7477,-73.988
1329364821,40.7589,-73.9729
1329364822,40.7223,-73.9881
1329364826,40.8157,-73.9585
1329364826,0,0
1329364826,40.7445,-73.999
1329364827,40.7346,-74.0024
1329364828,40.7246,-73.9907
1329364828,40.7227,-74.0051
1329364830,40.7516,-74.0037
1329364831,40.7247,-73.9906
1329364833,40.705,-74.0077
1329364833,40.7543,-73.992
1329364836,40.7304,-74.0019
1329364837,40.741,-74.0084
1329364838,40.7144,-73.9996
1329364843,40.7441,-74.0067
1329364848,40.7631,-73.9722
1329364849,40.7494,-73.9881
1329364849,40.752,-73.9778
1329364850,40.7218,-73.992
1329364850,40.702,-73.9369
1329364852,0,0
1329364854,40.7821,-73.9809
1329364854,40.7291,-73.9873
1329364858,40.7601,-73.9876
1329364860,40.7292,-73.9904
1329364860,40.748,-73.9765
1329364860,40.7543,-73.9924
1329364860,40.7823,-73.956
1329364860,40.7198,-74.0017
1329364860,40.7572,-73.9893
1329364860,40.7798,-73.9554
1329364860,40.7246,-73.9906
1329364860,40.7458,-73.9886
1329364860,40.7622,-73.9679
1329364860,40.8028,-73.963
1329364860,40.7464,-74.001
1329364860,40.739,-73.9944
1329364860,40.8116,-73.9614
1329364860,40.7441,-74.0066
1329364860,40.7475,-73.987
1329364860,40.791,-73.9513
1329364860,40.7618,-73.9793
1329364860,40.7246,-73.9817
1329364860,40.7487,-73.9961
1329364860,40.7207,-74.0008
1329364860,40.7171,-73.9834
1329364860,40.7414,-74.0085
1329364860,40.7615,-73.9943
1329364868,40.7439,-74.0068
1329364871,40.7407,-74.005
1329364873,40.7655,-73.983
1329364873,40.7671,-73.9668
1329364873,40.6906,-73.9877
1329364876,40.7473,-73.987
1329364876,40.7275,-73.9854
1329364877,40.6841,-73.9924
1329364877,40.7394,-74.0068
1329364879,40.7631,-73.9708
1329364884,40.7207,-73.9953
1329364885,40.7431,-73.9822
1329364893,40.7589,-73.9749
1329364893,40.7806,-73.9497
1329364893,40.7626,-73.9831
1329364894,40.7394,-74.0064
1329364899,40.7553,-73.9949
1329364900,40.7488,-74.0035
1329364901,0,0
1329364908,40.7487,-74.0036
1329364909,40.7589,-73.9939
1329364910,40.7198,-73.9931
1329364914,40.7141,-73.9552
1329364915,40.7469,-73.9878
1329364915,40.7595,-73.9875
1329364915,40.7329,-73.9817
1329364916,40.7411,-74.008
1329364917,40.7514,-74.0034
1329364917,40.7489,-73.9759
1329364917,40.6971,-73.9849
1329364920,40.7463,-73.9941
1329364920,40.7606,-73.9904
1329364920,40.7777,-73.9823
1329364920,40.754,-73.9807
1329364920,40.7346,-74.0023
1329364920,40.718,-73.9576
1329364920,40.7299,-73.9813
1329364920,40.7211,-74.0053
1329364920,40.7192,-73.9855
1329364920,40.7144,-74.0085
1329364920,40.7981,-73.9691
1329364920,40.7508,-73.9828
1329364920,40.7562,-73.9705
1329364920,40.7439,-74.0068
1329364920,40.7542,-73.996
1329364920,40.7392,-73.995
1329364920,40.7405,-73.9982
1329364920,40.7154,-73.9511
1329364920,40.758,-73.9535
1329364921,40.7394,-74.0068
1329364923,40.7237,-73.9882
1329364925,40.751,-73.9827
1329364929,40.7712,-73.9565
1329364932,40.7326,-73.9877
1329364934,40.7407,-74.0047
1329364940,40.768,-73.9559
1329364942,40.7594,-73.9721
1329364946,40.7299,-74.0006
1329364948,40.7577,-73.9933
1329364951,40.7539,-73.9903
1329364951,40.7456,-73.9782
1329364953,40.7556,-73.9848
1329364957,40.7373,-73.983
1329364959,40.7297,-73.981
1329364959,40.7239,-74.0026
1329364961,40.7482,-73.9888
1329364961,40.7598,-73.9912
1329364961,40.7576,-73.9988
1329364962,40.734,-74.0028
1329364965,40.7449,-73.9562
1329364965,40.746,-73.9779
1329364967,0,0
1329364969,40.7145,-73.9997
1329364973,40.7864,-73.972
1329364976,40.7632,-73.9786
1329364980,40.7436,-73.9207
1329364980,0,0
1329364980,40.7385,-73.9959
1329364980,40.7622,-73.9601
1329364980,40.7183,-73.9573
1329364980,40.7169,-73.9546
1329364980,40.7423,-74.008
1329364980,40.7672,-73.922
1329364980,40.7212,-74.0101
1329364980,40.7516,-74.0035
1329364980,40.7766,-73.9529
1329364980,0,0
1329364980,40.7324,-73.9851
1329364980,40.7364,-74.0016
1329364980,40.7561,-73.9833
1329364980,40.7263,-74.0055
1329364980,40.7292,-73.9838
1329364980,40.7584,-73.9784
1329364980,40.8055,-73.9657
1329364980,40.7226,-74.0038
1329364980,40.7623,-73.963
1329364982,40.7229,-73.9829
1329364985,40.722,-73.9968
1329364985,40.7595,-73.9897
1329364987,40.7223,-73.9882
1329364987,40.7394,-73.9885
1329364989,40.7627,-73.9829
1329364991,40.7821,-73.9444
1329364992,40.7584,-73.9997
1329364992,40.7216,-73.9841
1329364994,40.7706,-73.9169
1329364994,40.763,-73.9858
1329364995,40.7196,-73.9558
1329364997,40.6996,-73.924
1329364999,40.726,-73.9836
1329365000,40.7435,-73.9236
1329365003,40.744,-74.0069
1329365004,40.7833,-73.9449
1329365005,40.7479,-74.0027
1329365007,40.762,-73.9683
1329365013,40.8106,-73.9623
1329365014,40.7477,-73.9893
1329365017,40.6858,-73.9911
1329365018,40.7397,-73.9764
1329365018,40.7059,-73.9901
1329365019,40.7472,-73.9934
1329365020,40.7268,-73.9891
1329365021,40.7138,-74.0101
1329365024,40.7625,-73.9824
1329365025,40.7262,-74.0038
1329365025,40.7627,-73.9968
1329365026,40.7476,-73.883
1329365026,40.7224,-73.9858
1329365026,40.7597,-73.9682
1329365027,40.7551,-73.9839
1329365030,40.7189,-73.9927
1329365030,40.7372,-73.9843
1329365030,40.7709,-73.9568
1329365031,40.7142,-73.9562
1329365033,40.7503,-73.9988
1329365034,40.73,-74.0006
1329365035,40.7623,-73.9631
1329365035,40.7303,-74.0005
1329365036,40.7624,-73.9849
1329365037,40.7628,-73.9829
1329365037,40.713,-74.0097
1329365037,40.7117,-74.007
1329365038,40.7506,-73.9984
1329365038,40.7114,-73.9634
1329365038,40.735,-73.9945
1329365040,40.743,-73.9185
1329365040,40.7481,-73.9889
1329365040,40.7475,-73.9881
1329365040,40.798,-73.9676
1329365040,40.7312,-73.9886
1329365040,40.7221,-73.992
1329365040,40.7637,-73.989
1329365040,40.7612,-73.9801
1329365040,40.747,-73.8904
1329365040,40.7343,-73.999
1329365040,40.7649,-73.9806
1329365040,40.7392,-73.9955
1329365040,40.7611,-73.9727
1329365040,40.8056,-73.9658
1329365040,40.8006,-73.9586
1329365040,40.7419,-74.0042
1329365040,40.7595,-73.9847
1329365040,40.7384,-73.9855
1329365040,40.7298,-73.9542
1329365040,40.7974,-73.9715
1329365040,40.7613,-73.987
1329365040,40.7442,-74.0067
1329365040,40.8016,-73.9611
1329365040,40.7542,-73.9738
1329365040,40.767,-73.954
1329365040,40.7552,-73.9771
1329365040,40.7628,-73.9833
1329365040,40.8032,-73.9407
1329365040,40.7659,-73.9835
1329365040,40.7518,-74.004
1329365042,40.7655,-73.9659
1329365043,40.6881,-73.9915
1329365044,40.7375,-73.9971
1329365046,40.7543,-73.9736
1329365048,40.7472,-73.9934
1329365049,40.7411,-74.0079
1329365052,40.7491,-73.9875
1329365055,40.7244,-73.9908
1329365056,40.7419,-74.0049
1329365057,40.7486,-73.976
1329365059,40.7529,-73.973
1329365061,40.7203,-73.9882
1329365062,40.7577,-73.9693
1329365062,40.744,-74.0068
1329365065,40.7263,-73.998
1329365069,40.75,-73.9922
1329365069,40.744,-74.0067
1329365069,40.7624,-73.9722
1329365070,40.7543,-73.9719
1329365072,40.7416,-74.0066
1329365073,40.7896,-73.9482
1329365074,40.7428,-74.0042
1329365078,40.7256,-74.006
1329365078,40.7536,-73.9895
1329365082,40.751,-73.9714
1329365084,40.7179,-73.9577
1329365086,40.7369,-74.0054
1329365087,40.7145,-73.9997
1329365089,40.7184,-73.9907
1329365090,40.72,-73.9942
1329365092,40.722,-73.9919
1329365092,40.7264,-74.0055
1329365094,40.7138,-73.9921
1329365094,40.7575,-73.9906
1329365094,40.7632,-73.9812
1329365096,40.7204,-73.9883
1329365097,40.7598,-73.9702
1329365100,40.7498,-73.9777
1329365100,40.7244,-73.9909
1329365100,40.7206,-74.0101
1329365100,40.7516,-74.0036
1329365100,40.7351,-73.9916
1329365100,40.7492,-73.9923
1329365100,40.7315,-73.9889
1329365100,40.7624,-73.963
1329365100,40.7454,-73.9984
1329365100,40.6898,-73.9816
1329365100,40.7862,-73.9725
1329365100,40.7397,-73.9952
1329365100,40.7483,-74.0037
1329365100,40.7348,-73.9908
1329365100,40.7616,-73.9814
1329365100,40.7319,-73.9821
1329365100,40.7697,-73.9578
1329365100,40.739,-73.9948
1329365100,40.7604,-73.986
1329365100,40.7297,-74.0006
1329365100,40.727,-73.9798
1329365100,40.7246,-7.58751
1329365100,40.7313,-73.9881
1329365100,40.7242,-73.9979
1329365100,40.7271,-73.9888
1329365100,40.7584,-73.989
1329365100,40.7664,-73.9868
1329365100,40.7396,-74.0022
1329365100,40.7396,-74.0026
1329365101,40.7281,-74.003
1329365101,40.7219,-73.9855
1329365101,40.7268,-73.8527
1329365102,40.7346,-73.9902
1329365102,40.7411,-74.0078
1329365105,40.7278,-73.9793
1329365110,40.7264,-73.9894
1329365111,40.7519,-74.0047
1329365111,40.7535,-73.9854
1329365113,40.7697,-73.9628
1329365115,40.7656,-73.9548
1329365119,40.7485,-73.9873
1329365120,40.7219,-73.9855
1329365120,40.7247,-73.9907
1329365121,40.8112,-73.9617
1329365126,40.7641,-73.9811
1329365129,40.7409,-74.0076
1329365129,40.7672,-73.9213
1329365131,40.7433,-73.98
1329365131,40.7165,-73.9964
1329365132,40.7076,-74.0038
1329365132,40.7267,-73.9833
1329365134,40.7672,-73.9959
1329365135,40.721,-74.0053
1329365136,40.7245,-73.9942
1329365137,40.7512,-73.9409
1329365139,40.7583,-73.9862
1329365140,40.7213,-73.9868
1329365140,40.7345,-74.0024
1329365140,40.7544,-73.9841
1329365141,40.7403,-74.0059
1329365142,40.779,-73.9542
1329365143,40.7441,-73.9243
1329365145,40.763,-73.9835
1329365145,40.7632,-73.9722
1329365149,40.6833,-73.9809
1329365150,40.7709,-73.9569
1329365151,40.714,-74.0096
1329365152,40.7421,-74.006
1329365153,40.772,-73.9529
1329365155,40.7301,-74.005
1329365157,40.7191,-73.9863
1329365157,40.7556,-73.9834
1329365159,40.7196,-73.9914
1329365160,40.7562,-73.9754
1329365160,40.7196,-73.9877
1329365160,40.7701,-73.8667
1329365160,40.7543,-73.9805
1329365160,40.7403,-74.0031
1329365160,40.7324,-73.9913
1329365160,40.7463,-73.9778
1329365160,40.651,-73.9591
1329365160,0,0
1329365160,40.7294,-73.9872
1329365160,40.7585,-74.0043
1329365160,40.7297,-73.9869
1329365160,40.7585,-73.9631
1329365160,40.7142,-74.0087
1329365160,40.743,-74.004
1329365160,40.7442,-74.0068
1329365160,0,0
1329365160,40.7347,-73.9922
1329365160,40.7271,-73.9889
1329365160,40.7476,-73.9883
1329365160,40.7224,-73.9862
1329365160,40.7256,-74.0032
1329365160,40.7459,-73.9884
1329365160,40.7614,-73.9637
1329365160,40.7627,-73.9617
1329365160,40.7264,-74.0055
1329365160,40.7244,-73.9936
1329365160,40.744,-74.0068
1329365162,40.7169,-73.989
1329365162,40.7668,-73.9214
1329365163,40.7672,-73.9957
1329365164,40.7337,-74.0065
1329365164,40.7226,-73.9862
1329365165,40.7629,-73.9719
1329365168,40.7776,-73.9521
1329365169,40.7551,-73.9414
1329365170,40.7445,-74.0066
1329365171,40.7411,-73.9989
1329365172,40.7636,-73.9891
1329365172,40.7417,-73.9833
1329365174,40.739,-73.9946
1329365174,40.7244,-73.9877
1329365175,40.7496,-74.031
1329365176,40.7647,-73.9882
1329365177,40.7143,-73.9996
1329365177,40.7554,-73.9948
1329365180,40.7366,-73.9788
1329365181,40.7627,-73.9835
1329365184,40.748,-73.9886
1329365185,40.7407,-74.0075
1329365187,40.7431,-73.9823
1329365187,40.741,-74.0073
1329365188,40.7113,-73.9476
1329365188,40.7387,-74.006
1329365189,40.7367,-73.9972
1329365190,40.7187,-73.9884
1329365193,40.7501,-73.9946
1329365193,0,0
1329365200,40.7498,-73.9838
1329365201,40.7212,-73.9827
1329365202,40.7232,-73.9886
1329365205,40.7522,-73.9924
1329365205,40.7596,-73.9679
1329365212,40.7325,-73.9879
1329365213,40.72,-73.9933
1329365214,40.7639,-73.9824
1329365220,40.7526,-73.9795
1329365220,40.7633,-73.9722
1329365220,40.8066,-73.9425
1329365220,40.7409,-74.005
1329365220,40.7219,-73.9919
1329365220,40.7732,-73.9818
1329365220,40.7399,-74.003
1329365220,40.7625,-73.9836
1329365220,40.7298,-73.9916
1329365220,40.75,-73.9988
1329365220,40.7265,-74.0003
1329365220,40.7514,-73.9869
1329365220,40.7345,-74.0024
1329365220,40.7615,-73.9663
1329365220,40.7348,-73.9946
1329365220,40.743,-73.9824
1329365220,40.7402,-73.9924
1329365220,40.7514,-74.0031
1329365220,40.773,-73.9544
1329365220,40.7326,-74.0034
1329365220,40.7382,-73.9879
1329365220,40.707,-74.0074
1329365220,40.7203,-73.9884
1329365220,40.779,-73.9602
1329365220,40.717,-73.9565
1329365220,40.7414,-74.008
1329365220,40.7457,-73.9781
1329365220,40.7304,-74.0026
1329365220,40.7285,-73.9869
1329365220,40.7574,-73.9889
1329365220,40.706,-0.007262
1329365220,40.765,-73.9919
1329365220,40.7624,-73.9726
1329365226,40.7637,-73.9545
1329365227,40.7493,-73.9795
1329365228,40.7442,-74.0068
1329365230,40.7139,-74.0089
1329365231,40.7446,-73.9833
1329365231,40.7336,-73.9997
1329365234,40.7482,-73.9936
1329365237,40.7331,-73.9935
1329365237,40.7405,-74.002
1329365242,40.6688,-73.9367
1329365244,40.7411,-74.0079
1329365244,40.7508,-73.987
1329365245,40.723,-73.9858
1329365245,40.7509,-74.0018
1329365245,40.7164,-73.9614
1329365248,40.7302,-74.0049
1329365249,40.781,-73.9812
1329365252,40.7741,-73.9812
1329365254,40.7603,-73.974
1329365254,40.7271,-73.989
1329365256,40.7537,-73.9024
1329365264,40.7515,-73.977
1329365267,40.7263,-74.0053
1329365268,40.7448,-73.9866
1329365271,40.7667,-73.9128
1329365271,40.7409,-74.0054
1329365272,40.7298,-73.981
1329365273,40.7581,-73.9997
1329365274,40.7595,-73.9849
1329365274,40.7274,-73.9854
1329365275,40.7465,-73.9863
1329365276,40.7818,-73.9757
1329365276,40.7264,-74.0055
1329365279,40.7248,-73.9906
1329365280,0,0
1329365280,40.7553,-73.9844
1329365280,40.749,-73.9886
1329365280,40.7403,-73.9792
1329365280,40.7323,-74.0037
1329365280,40.7507,-73.9983
1329365280,0,0
1329365280,40.7331,-74.0031
1329365280,40.7605,-73.9623
1329365280,40.7599,-73.9855
1329365280,40.7141,-74.0103
1329365280,40.7231,-74.0051
1329365280,40.8038,-73.9633
1329365280,40.7443,-74.0067
1329365280,40.7732,-73.9552
1329365280,40.7242,-73.9878
1329365280,40.7262,-73.9893
1329365280,40.7644,-73.9791
1329365280,40.7038,-74.0118
1329365280,40.7581,-73.9706
1329365280,40.742,-74.0043
1329365280,40.7315,-73.9884
1329365280,40.7692,-73.9579
1329365280,40.741,-74.0075
1329365280,40.7586,-73.9891
1329365280,40.7144,-74
1329365280,40.7226,-73.9861
1329365280,40.7596,-73.9852
1329365280,40.7183,-73.9879
1329365280,40.7592,-73.99
1329365280,40.717,-73.998
1329365280,40.7539,-73.9949
1329365280,40.7488,-73.872
1329365280,40.7383,-73.996
1329365284,40.7375,-73.984
1329365285,40.7271,-74.0034
1329365288,40.7394,-73.9955
1329365293,40.7604,-73.9911
1329365293,40.7621,-73.9723
1329365294,40.7282,-73.9821
1329365295,40.727,-73.9857
1329365295,40.7409,-74.0076
1329365296,40.7395,-73.9886
1329365300,40.7971,-73.9428
1329365302,40.7339,-74.0027
1329365302,40.7565,-73.9808
1329365302,40.7251,-73.9831
1329365303,0,0
1329365307,40.7519,-73.9833
1329365309,40.7247,-73.9907
1329365312,40.7773,-73.9726
1329365313,40.7631,-73.9829
1329365314,40.7335,-74.0035
1329365315,40.738,-74.0066
1329365319,40.7409,-74.0051
1329365320,40.7417,-74.0038
1329365320,40.7195,-73.9933
1329365320,40.7416,-74.0041
1329365321,40.7628,-73.9715
1329365322,40.744,-74.0077
1329365324,40.7427,-73.9998
1329365327,40.7478,-73.979
1329365329,40.7723,-73.9788
1329365330,40.7257,-73.9837
1329365334,40.7617,-73.983
1329365337,40.7732,-73.9625
1329365337,40.7583,-73.9928
1329365337,40.7493,-73.9741
1329365338,40.7443,-74.0065
1329365340,40.7781,-73.9457
1329365340,40.7001,-73.8075
1329365340,40.7417,-73.975
1329365340,40.7452,-73.9829
1329365340,40.7581,-73.9897
1329365340,40.7653,-73.9659
1329365340,40.7331,-73.9912
1329365340,40.7626,-73.9724
1329365340,40.7485,-73.9888
1329365340,40.7298,-74.0005
1329365340,40.7441,-74.0068
1329365340,40.7543,-73.9878
1329365340,40.7349,-73.991
1329365340,40.7479,-73.9924
1329365340,40.736,-73.9852
1329365340,40.7493,-73.9725
1329365340,40.7476,-73.9883
1329365340,40.7782,-73.9545
1329365340,40.7622,-73.9602
1329365340,40.7684,-73.9852
1329365340,40.7584,-73.9886
1329365340,40.7255,-74.0033
1329365340,40.7162,-73.9595
1329365347,40.7271,-73.989
1329365348,40.7455,-73.9041
1329365348,40.745,-73.9726
1329365350,40.7442,-74.0067
1329365351,40.739,-73.9948
1329365352,40.7642,-73.9885
1329365353,40.7396,-73.9952
1329365353,40.7173,-73.9584
1329365355,40.7766,-73.9793
1329365355,40.7332,-73.9936
1329365358,40.7574,-73.9902
1329365360,40.7284,-73.9879
1329365360,40.7271,-73.9497
1329365361,40.7264,-74.0052
1329365365,40.7153,-73.9997
1329365367,40.7291,-73.9888
1329365368,40.7633,-73.979
1329365373,40.7515,-74.0034
1329365374,40.7485,-73.9888
1329365375,40.7191,-73.9848
1329365376,40.7487,-73.9761
1329365376,40.7515,-74.0039
1329365377,40.7943,-73.972
1329365377,40.7547,-73.9883
1329365378,40.7337,-74.0025
1329365379,40.7228,-74.0078
1329365380,40.7482,-73.9877
1329365382,40.7349,-73.9833
1329365383,40.7484,-73.9878
1329365385,0,0
1329365385,40.7434,-73.9768
1329365387,40.744,-73.9244
1329365387,40.7825,-73.981
1329365387,40.7453,-73.9756
1329365390,40.7444,-74.0065
1329365393,40.7477,-73.9853
1329365395,40.763,-73.9835
1329365395,40.7043,-74.0089
1329365396,40.7443,-74.0066
1329365397,40.7238,-73.9857
1329365398,40.7269,-73.9858
1329365400,40.7547,-73.9916
1329365400,40.734,-74.0025
1329365400,40.7818,-73.9519
1329365400,40.7554,-73.9768
1329365400,40.726,-73.9948
1329365400,40.7146,-73.9998
1329365400,0,0
1329365400,40.7218,-73.9921
1329365400,40.8078,-73.9639
1329365400,40.7042,-74.0089
1329365400,40.728,-73.9851
1329365400,40.7589,-73.9931
1329365400,40.7667,-73.9784
1329365400,40.757,-73.9936
1329365400,40.7319,-73.9903
1329365400,40.7139,-73.958
1329365400,40.7193,-73.9856
1329365400,40.7648,-73.9804
1329365400,40.7631,-73.9834
1329365400,40.759,-73.977
1329365400,40.7198,-73.9928
1329365400,40.7175,-73.9844
1329365400,40.7758,-73.9834
1329365400,40.7313,-73.9887
1329365400,40.7496,-73.9917
1329365400,40.7255,-74.0033
1329365400,40.7443,-73.9919
1329365400,40.7292,-73.9902
1329365400,0,0
1329365400,40.7441,-74.0067
1329365400,40.8154,-73.9589
1329365400,40.7518,-73.9777
1329365400,40.7988,-73.9753
1329365401,40.7174,-73.9581
1329365404,40.7141,-73.958
1329365404,40.7523,-73.9897
1329365404,40.756,-73.9907
1329365409,40.7417,-73.9941
1329365410,40.7394,-74.0067
1329365412,40.7274,-73.9936
1329365414,40.7143,-74.0086
1329365417,40.7533,-73.9806
1329365418,0,0
1329365426,40.7607,-73.9614
1329365428,40.7627,-73.9932
1329365429,40.7145,-74
1329365429,40.7559,-73.9907
1329365433,40.7319,-74.0011
1329365436,40.7517,-73.9938
1329365436,40.7403,-73.9925
1329365436,40.7456,-73.9781
1329365437,40.7408,-74.0077
1329365439,40.7111,-73.9494
1329365439,40.7762,-73.9797
1329365442,40.7248,-73.9904
1329365444,40.7335,-73.9873
1329365444,0,0
1329365449,40.762,-73.9724
1329365450,40.7563,-73.9859
1329365451,40.7272,-73.9828
1329365452,40.7573,-73.9695
1329365452,40.8128,-73.9567
1329365457,40.7259,-73.9948
1329365457,40.7602,-73.9742
1329365457,40.7419,-74.0011
1329365459,40.7191,-74.0051
1329365460,40.7653,-73.9803
1329365460,40.74,-74.0031
1329365460,40.7316,-74.0099
1329365460,40.7333,-73.9869
1329365460,40.8141,-73.956
1329365460,40.717,-73.9987
1329365460,40.7631,-73.9833
1329365460,40.7513,-73.9764
1329365460,40.757,-73.9828
1329365460,40.7232,-73.9857
1329365460,40.7577,-73.969
1329365460,40.7231,-73.9858
1329365460,40.7674,-73.9843
1329365460,40.7349,-73.9904
1329365460,40.7719,-73.9531
1329365460,40.73,-73.9807
1329365460,40.7165,-74.0084
1329365460,40.7513,-73.977
1329365460,40.7447,-73.9989
1329365460,40.7303,-74.0068
1329365460,40.7618,-73.9728
1329365460,40.72,-73.9875
1329365460,40.7273,-73.9938
1329365460,40.7509,-74.0021
1329365460,40.719,-74.0051
1329365460,40.8481,-73.9394
1329365460,40.7214,-73.9838
1329365460,40.7941,-73.9707
1329365460,40.7671,-73.9213
1329365460,40.74,-74.007
1329365461,40.7378,-73.9923
1329365463,40.7339,-73.9911
1329365464,40.7445,-73.9917
1329365466,40.7255,-73.9839
1329365466,0,0
1329365471,40.7362,-73.9919
1329365474,40.7617,-73.9687
1329365476,40.7615,-73.9669
1329365478,40.7187,-73.9892
1329365478,40.7426,-73.9826
1329365483,40.7557,-73.9837
1329365485,40.7488,-73.9898
1329365486,40.7177,-73.9576
1329365487,40.7463,-74.001
1329365488,40.7498,-73.9953
1329365489,40.8049,-73.9665
1329365491,40.744,-74.0069
1329365493,40.7421,-73.9779
1329365494,40.745,-74.0061
1329365495,40.7591,-73.9655
1329365496,40.7308,-73.9893
1329365496,40.726,-73.9962
1329365498,40.802,-73.9495
1329365503,40.7398,-74.0024
1329365504,40.7388,-74.0094
1329365504,40.7084,-74.0049
1329365505,40.764,-73.9787
1329365507,40.7472,-73.9911
1329365509,40.6835,-73.9788
1329365509,40.7435,-74.0066
1329365509,40.8477,-73.9384
1329365512,40.7266,-73.986
1329365516,40.7424,-74.0031
1329365518,40.7209,-73.9939
1329365518,40.7803,-73.953
1329365518,40.7633,-73.9834
1329365519,40.7139,-73.9493
1329365520,40.7447,-73.9988
1329365520,40.7481,-73.9893
1329365520,40.7671,-73.996
1329365520,40.7458,-73.9784
1329365520,40.744,-74.0068
1329365520,40.7411,-74.0074
1329365520,40.7536,-73.9793
1329365520,40.7486,-73.9889
1329365520,40.7408,-73.9868
1329365520,40.7537,-73.9428
1329365520,40.7949,-73.9717
1329365520,40.7085,-73.9584
1329365520,40.7108,-74.0106
1329365520,40.7345,-74.0015
1329365520,40.6846,-73.9777
1329365520,40.7628,-73.993
1329365520,40.7385,-73.9425
1329365520,40.7583,-73.9854
1329365520,40.7586,-73.9734
1329365520,40.7586,-73.966
1329365520,0,0
1329365520,40.777,-73.9555
1329365520,40.7789,-73.9521
1329365520,40.7406,-73.9982
1329365520,40.7417,-74.0072
1329365520,40.745,-74.0061
1329365520,40.7531,-73.9932
1329365520,40.7619,-73.9574
1329365520,40.7234,-73.9884
1329365520,40.759,-73.9879
1329365520,40.7196,-73.9895
1329365520,40.7265,-74.0052
1329365520,40.7408,-74.0077
1329365520,40.7268,-73.983
1329365520,40.7599,-73.9839
1329365521,40.7142,-73.9615
1329365522,40.7337,-74.0029
1329365526,40.7217,-73.9946
1329365526,40.764,-73.9887
1329365530,40.7426,-73.9922
1329365531,40.7199,-74.0015
1329365535,40.7517,-73.9938
1329365535,40.7758,-73.9584
1329365539,40.7306,-73.9832
1329365539,40.729,-74.0011
1329365539,40.7318,-73.9856
1329365540,40.7493,-73.9924
1329365540,40.7264,-74.0053
1329365544,40.7317,-73.9856
1329365545,40.7502,-73.9792
1329365546,40.7628,-73.9678
1329365546,40.7631,-73.9834
1329365547,40.7624,-73.9899
1329365549,40.6923,-73.9873
1329365549,40.7313,-73.9858
1329365552,40.7998,-73.9561
1329365557,40.7221,-73.9865
1329365557,40.7608,-73.9846
1329365558,40.7388,-73.9958
1329365559,40.7515,-74.0036
1329365560,40.7269,-73.989
1329365561,40.7567,-73.9616
1329365562,40.7488,-73.9873
1329365562,40.7413,-73.9815
1329365563,40.7441,-74.0068
1329365563,40.7144,-73.9995
1329365565,40.753,-73.9732
1329365568,40.7222,-73.9932
1329365570,40.6773,-73.9724
1329365570,40.7811,-73.9545
1329365571,40.7577,-73.9716
1329365572,40.761,-73.9671
1329365572,40.7253,-73.9966
1329365573,40.7476,-73.9729
1329365573,40.762,-73.9604
1329365579,40.7705,-73.9877
1329365580,40.7394,-73.89
1329365580,0,0
1329365580,40.7325,-74.0004
1329365580,40.7283,-73.9819
1329365580,40.7439,-74.0073
1329365580,40.7592,-73.9942
1329365580,40.7229,-73.9829
1329365580,40.7576,-73.9705
1329365580,40.7245,-74.0017
1329365580,40.7606,-73.9951
1329365580,40.7298,-73.9808
1329365580,40.7052,-74.0133
1329365580,40.7329,-73.9846
1329365580,40.7903,-73.9475
1329365580,40.7586,-73.9732
1329365580,40.771,-73.9539
1329365580,40.7257,-73.9942
1329365580,40.6445,-73.958
1329365580,40.7409,-74.0077
1329365580,40.7229,-73.9857
1329365580,40.7317,-73.9969
1329365580,40.7672,-73.9958
1329365580,40.7624,-73.9724
1329365580,40.7482,-73.9848
1329365580,40.7441,-74.0067
1329365584,40.7261,-73.9837
1329365585,40.766,-73.991
1329365589,40.7606,-73.9625
1329365590,40.7662,-73.9834
1329365591,40.7441,-74.0067
1329365592,40.7585,-73.9826
1329365598,40.7274,-73.8501
1329365600,40.7329,-73.9979
1329365601,40.761,-73.9727
1329365601,40.7475,-73.8861
1329365602,40.7439,-74.0069
1329365607,40.737,-73.9846
1329365608,40.7673,-73.996
1329365611,40.7192,-74.0018
1329365612,40.736,-73.9792
1329365613,40.7306,-73.9891
1329365613,40.7191,-73.9904
1329365615,40.8006,-73.9466
1329365616,40.7452,-73.9983
1329365616,40.719,-73.9902
1329365618,41.0617,-74.1276
1329365621,40.7386,-73.9832
1329365622,40.7293,-73.99
1329365623,40.7593,-73.8262
1329365623,40.7668,-73.9599
1329365625,40.7419,-74.0041
1329365625,40.7649,-73.9725
1329365628,40.7248,-73.9904
1329365630,40.7635,-73.9284
1329365631,40.763,-73.9833
1329365631,40.7481,-73.9803
1329365632,40.7627,-73.983
1329365633,40.7601,-73.9839
1329365633,40.7178,-73.9576
1329365635,40.7676,-73.9834
1329365636,40.7582,-74
1329365637,40.7377,-73.984
1329365638,40.7617,-73.925
1329365640,40.7561,-73.9707
1329365640,40.7445,-73.975
1329365640,40.764,-73.9886
1329365640,40.7518,-74.0034
1329365640,40.7239,-73.9881
1329365640,40.7334,-74.0063
1329365640,40.7508,-73.9698
1329365640,40.7219,-73.985
1329365640,40.7257,-73.9839
1329365640,40.741,-74.0077
1329365640,40.7614,-73.9676
1329365640,40.7572,-73.9899
1329365640,40.7436,-74.0068
1329365640,40.7444,-73.9833
1329365640,0,0
1329365640,40.7242,-73.9979
1329365640,40.7834,-73.9745
1329365640,40.7434,-73.9791
1329365640,40.744,-73.9955
1329365640,40.7445,-74.0065
1329365640,40.7479,-73.9829
1329365640,40.7594,-73.9911
1329365640,40.7673,-73.9847
1329365640,40.7295,-73.9872
1329365640,40.7372,-73.9784
1329365640,40.7338,-74.0051
1329365640,40.7598,-73.9694
1329365640,40.7303,-73.9992
1329365640,40.7382,-73.9882
1329365640,40.7559,-73.9908
1329365640,40.7497,-73.9816
1329365640,40.7504,-73.9921
1329365645,40.7824,-73.981
1329365646,40.7632,-73.9834
1329365648,40.7621,-73.9934
1329365650,40.763,-73.9622
1329365650,0,0
1329365650,40.742,-73.981
1329365651,40.7979,-73.9695
1329365652,40.7504,-74.0248
1329365652,40.7561,-74.0019
1329365658,40.7483,-73.9961
1329365659,40.7249,-73.9905
1329365659,40.7568,-73.9731
1329365660,40.7345,-74.0023
1329365660,40.7716,-73.9826
1329365661,40.7284,-73.9997
1329365662,40.7793,-73.9478
1329365662,40.7191,-73.9897
1329365663,40.7545,-73.9864
1329365664,40.7515,-74.0013
1329365669,40.7498,-73.9816
1329365669,40.74,-74.0069
1329365670,40.7502,-73.9949
1329365673,40.722,-73.992
1329365675,40.7736,-73.9816
1329365676,40.7971,-73.9719
1329365677,40.7337,-73.9995
1329365680,40.7452,-73.9986
1329365681,40.7275,-73.9915
1329365685,40.7159,-74.0074
1329365688,40.7792,-73.9476
1329365689,40.7321,-73.9965
1329365689,40.744,-73.9921
1329365689,40.73,-73.9809
1329365689,40.727,-73.9854
1329365694,40.7159,-73.9599
1329365700,40.7274,-73.9854
1329365700,40.8385,-73.9418
1329365700,40.7805,-73.95
1329365700,40.7316,-74.001
1329365700,40.6919,-73.851
1329365700,40.7059,-73.926
1329365700,0,0
1329365700,40.7306,-74.0018
1329365700,40.7443,-74.0067
1329365700,40.7604,-73.9933
1329365700,40.743,-73.9179
1329365700,40.7285,-73.9998
1329365700,40.7493,-73.9855
1329365700,40.7271,-73.9889
1329365700,40.7558,-73.9763
1329365700,40.7985,-73.9418
1329365700,40.7271,-73.9998
1329365700,40.7272,-74.0007
1329365700,40.7295,-74.007
1329365700,40.7317,-73.9914
1329365700,40.712,-74.0115
1329365700,40.7398,-74.0024
1329365700,40.7576,-73.9969
1329365700,40.7426,-73.9527
1329365700,40.7567,-73.9676
1329365700,40.7424,-73.9853
1329365701,40.761,-73.9845
1329365702,40.7442,-74.0068
1329365702,40.7275,-73.9886
1329365703,40.7555,-73.9683
1329365705,40.7452,-73.9984
1329365705,40.7606,-73.9859
1329365708,40.7587,-73.9853
1329365708,40.7326,-73.9817
1329365708,40.7406,-74.0078
1329365709,40.7629,-73.9834
1329365712,40.7594,-73.9719
1329365712,40.753,-73.9815
1329365712,40.6854,-73.9914
1329365720,40.7285,-73.9994
1329365723,40.7486,-73.9872
1329365723,40.7575,-73.9731
1329365727,40.7641,-73.9812
1329365728,40.7218,-73.9921
1329365728,40.7281,-73.9791
1329365728,40.743,-74.0001
1329365731,40.7298,-74.0049
1329365732,40.82,-73.9553
1329365735,40.7612,-73.9638
1329365737,40.7193,-73.9857
1329365738,40.7578,-73.8648
1329365739,40.7279,-73.9991
1329365739,40.7295,-73.9898
1329365739,40.7531,-73.9792
1329365744,40.7217,-73.9921
1329365747,40.7419,-74.0041
1329365748,40.7912,-73.9745
1329365751,40.7384,-74.0039
1329365752,40.7732,-73.9602
1329365752,40.7421,-74.0041
1329365752,40.7554,-73.9911
1329365753,40.7256,-73.9868
1329365756,40.7682,-73.9559
1329365756,40.7703,-73.9178
1329365758,40.7142,-73.9494
1329365758,40.7429,-74.004
1329365760,40.7417,-74.0044
1329365760,40.7708,-73.9538
1329365760,40.7641,-73.9885
1329365760,40.7249,-73.9844
1329365760,40.7182,-74.0002
1329365760,40.7309,-74.0009
1329365760,40.7212,-73.8439
1329365760,40.7591,-73.996
1329365760,40.7418,-73.9975
1329365760,40.7553,-73.9877
1329365760,40.7613,-73.9821
1329365760,40.7336,-74.0028
1329365760,40.7947,-73.972
1329365760,40.7176,-74.0096
1329365760,40.7145,-73.9999
1329365760,40.7555,-73.9682
1329365760,0,0
1329365760,40.7599,-73.9871
1329365760,40.7632,-73.9873
1329365760,40.7051,-73.9622
1329365760,40.7335,-74.0062
1329365760,0,0
1329365763,40.7441,-74.0069
1329365766,40.7914,-73.9686
1329365767,40.7666,-73.9904
1329365770,40.7134,-73.9621
1329365771,40.7333,-74.0064
1329365771,40.734,-73.9992
1329365772,40.7435,-73.9729
1329365772,40.7923,-73.968
1329365774,40.6952,-73.9732
1329365775,40.7529,-73.9794
1329365777,40.7263,-74.0056
1329365777,40.7811,-73.9494
1329365779,40.7277,-73.9884
1329365784,40.7428,-74.0041
1329365785,40.7133,-74.007
1329365786,40.731,-73.989
1329365788,40.7308,-74.0007
1329365790,40.7391,-74.0027
1329365792,40.7314,-73.9886
1329365792,40.7401,-74.006
1329365793,40.762,-73.9852
1329365794,40.7315,-73.9826
1329365795,40.723,-73.989
1329365796,40.7642,-73.9885
1329365799,40.7886,-73.9769
1329365800,40.7065,-74.0097
1329365807,40.7302,-74.0048
1329365808,40.7387,-73.9998
1329365808,40.7218,-73.9921
1329365808,40.7292,-73.998
1329365810,40.7441,-74.0067
1329365811,40.7613,-73.9658
1329365813,40.7567,-73.9672
1329365815,40.7526,-73.9797
1329365816,40.7401,-73.9864
1329365817,40.7697,-73.9604
1329365818,40.7203,-73.9963
1329365818,40.744,-74.0071
1329365819,40.7991,-73.9684
1329365820,40.7143,-74.0004
1329365820,40.7469,-73.8918
1329365820,40.7579,-73.9992
1329365820,40.7395,-73.9923
1329365820,40.7603,-73.9825
1329365820,40.7234,-73.9884
1329365820,40.8315,-73.9466
1329365820,40.7969,-73.9683
1329365820,40.7483,-74.0057
1329365820,40.7257,-73.9898
1329365820,40.7283,-73.988
1329365820,40.7609,-73.9831
1329365820,40.7635,-73.9819
1329365820,40.728,-74.0017
1329365820,40.7823,-73.9487
1329365820,40.7646,-73.9803
1329365820,40.7625,-73.9781
1329365820,40.7665,-73.9875
1329365820,40.765,-73.9826
1329365820,40.7609,-73.9874
1329365820,40.76,-73.9764
1329365820,40.7666,-73.9903
1329365820,40.731,-73.9888
1329365820,40.7158,-73.9997
1329365822,40.7385,-73.9999
1329365823,40.7644,-73.9616
1329365830,40.744,-74.0069
1329365831,40.7813,-73.9492
1329365833,40.7174,-73.9888
1329365835,40.7532,-73.9794
1329365836,40.7611,-73.9661
1329365837,40.7559,-73.9678
1329365837,40.7299,-74.0021
1329365837,40.7515,-73.994
1329365838,40.7342,-73.99
1329365838,40.7315,-73.9823
1329365839,40.7627,-73.9832
1329365840,40.7562,-73.9893
1329365841,40.7614,-73.9663
1329365842,40.7581,-73.9729
1329365843,40.7406,-73.9944
1329365844,40.7501,-73.9707
1329365846,40.7441,-74.0067
1329365847,40.7646,-73.9621
1329365852,40.7348,-73.9905
1329365854,40.7354,-73.9878
1329365856,40.7592,-73.9656
1329365857,40.7211,-73.9879
1329365858,40.7708,-73.9539
1329365861,40.7343,-73.9992
1329365866,40.7496,-73.9362
1329365867,40.7431,-73.989
1329365867,40.7287,-73.99
1329365871,40.7422,-74.0041
1329365873,40.7988,-73.9366
1329365874,40.753,-73.9697
1329365875,40.744,-74.007
1329365877,40.7757,-73.9824
1329365879,40.7635,-73.9545
1329365879,40.7146,-73.9996
1329365879,40.7588,-73.9192
1329365880,40.7375,-73.9781
1329365880,40.7611,-73.9639
1329365880,40.743,-73.9988
1329365880,40.7618,-73.9797
1329365880,40.7426,-73.9769
1329365880,40.7378,-74.0002
1329365880,40.7629,-73.9833
1329365880,40.7292,-73.9981
1329365880,40.7395,-73.9885
1329365880,40.7271,-73.989
1329365880,40.7539,-73.9729
1329365880,40.7651,-73.9808
1329365880,40.7389,-73.9873
1329365880,40.7032,-73.9085
1329365880,40.7611,-73.9806
1329365880,40.7063,-74.0168
1329365880,40.7281,-73.988
1329365880,40.7599,-73.9613
1329365880,40.7049,-74.0078
1329365880,40.7177,-73.9575
1329365880,40.7564,-73.9973
1329365880,40.7179,-73.9885
1329365880,40.7693,-73.9638
1329365880,40.774,-73.8731
1329365880,40.7413,-73.9814
1329365880,40.7338,-74.0051
1329365880,40.7246,-73.9876
1329365880,40.7261,-73.9896
1329365880,40.6763,-73.9839
1329365880,40.7647,-73.9847
1329365880,40.7228,-74.0045
1329365880,40.7794,-73.9774
1329365880,40.7558,-73.9681
1329365880,40.7338,-73.9807
1329365880,40.7555,-73.9835
1329365880,40.7415,-74.0033
1329365880,40.7261,-74.0059
1329365883,40.7247,-73.9906
1329365884,40.7602,-73.9838
1329365887,40.727,-73.989
1329365890,40.7928,-73.9677
1329365891,40.7617,-73.9727
1329365892,40.7066,-74.0102
1329365894,40.7251,-73.9903
1329365896,40.7946,-73.9665
1329365896,40.7515,-73.9937
1329365901,40.744,-73.9241
1329365906,40.7629,-73.9834
1329365908,40.73,-73.9816
1329365909,40.7274,-73.9847
1329365913,40.6858,-73.9911
1329365914,40.7462,-74.0016
1329365916,40.7476,-73.9888
1329365920,40.7488,-74.0068
1329365924,40.778,-73.9861
1329365926,40.7285,-73.982
1329365926,40.7188,-73.9882
1329365927,40.7271,-73.9887
1329365928,40.7252,-74.0032
1329365929,40.7757,-73.9824
1329365930,40.7285,-73.9998
1329365931,40.6802,-73.9969
1329365931,40.7709,-73.9872
1329365932,40.7991,-73.9687
1329365933,40.7269,-73.989
1329365935,40.7445,-73.9884
1329365936,40.683,-73.9789
1329365938,40.6782,-73.9732
1329365938,40.7147,-73.9996
1329365939,40.7438,-74.007
1329365939,40.7477,-73.989
1329365940,40.7606,-73.9629
1329365940,40.7273,-73.9846
1329365940,40.7462,-73.9889
1329365940,40.7697,-73.9844
1329365940,40.7672,-73.8638
1329365940,40.7684,-73.8618
1329365940,40.7441,-74.0068
1329365940,40.7471,-73.9938
1329365940,40.7521,-73.9779
1329365940,40.7481,-73.9855
1329365940,40.7673,-73.9859
1329365940,40.7138,-74.0103
1329365940,40.7276,-73.9854
1329365940,40.7464,-73.9943
1329365940,40.7473,-73.9815
1329365940,40.7553,-73.995
1329365940,40.7227,-73.983
1329365940,0,0
1329365940,40.7684,-73.9821
1329365940,40.7476,-74.0041
1329365940,40.7951,-73.9505
1329365940,40.771,-73.9619
1329365941,40.7216,-73.9537
1329365941,40.7566,-73.9829
1329365942,40.7624,-73.9899
1329365944,40.7445,-73.9791
1329365946,40.7388,-74.0022
1329365947,40.7555,-73.9765
1329365949,40.7161,-74.0027
1329365950,40.7584,-73.9849
1329365952,40.7184,-73.9881
1329365955,40.7497,-73.9916
1329365956,40.7407,-74.0054
1329365959,0,0
1329365960,40.7878,-73.9676
1329365961,40.7672,-73.9959
1329365962,40.7386,-73.9881
1329365962,40.7594,-73.992
1329365965,40.7353,-73.9918
1329365968,40.7629,-73.9829
1329365968,40.7944,-73.9664
1329365969,40.757,-73.9163
1329365969,40.7472,-73.9774
1329365970,40.714,-74.0089
1329365972,40.7285,-74.0054
1329365975,40.7406,-74.0078
1329365979,0,0
1329365980,40.8031,-73.9638
1329365985,40.7299,-73.9813
1329365986,40.7581,-73.9717
1329365987,40.7442,-74.0067
1329365987,40.7419,-73.981
1329365988,40.7672,-73.8881
1329365990,40.7636,-73.9817
1329365993,40.7227,-73.9862
1329365995,40.758,-73.9932
1329365996,40.7585,-73.9996
1329365996,40.7394,-73.9888
1329365997,40.7332,-73.9913
1329365998,40.7434,-73.9998
1329365998,40.7588,-73.9663
1329366000,40.7566,-73.9814
1329366000,40.7574,-73.9697
1329366000,40.724,-74.0058
1329366000,40.7284,-73.9999
1329366000,40.7561,-73.9941
1329366000,40.7585,-73.9721
1329366000,0,0
1329366000,40.7243,-73.9934
1329366000,40.713,-73.9586
1329366000,40.7627,-73.9849
1329366000,0,0
1329366000,0,0
1329366000,40.7364,-73.9946
1329366000,40.7317,-74.0009
1329366000,40.7339,-73.989
1329366000,40.7643,-73.9885
1329366000,40.7646,-73.9842
1329366000,40.7525,-73.9708
1329366000,40.7138,-74.0067
1329366000,40.7234,-73.9855
1329366000,40.7744,-73.9636
1329366000,40.7422,-73.9809
1329366000,40.7021,-73.9371
1329366000,40.7286,-74.0004
1329366000,40.7609,-73.9693
1329366000,40.7058,-74.0075
1329366000,40.7143,-74.0003
1329366000,40.7577,-73.9715
1329366000,40.814,-73.9557
1329366000,40.7882,-73.9442
1329366000,40.7639,-73.9887
1329366002,40.7609,-73.9986
1329366002,40.7282,-73.9421
1329366004,40.7518,-74.0043
1329366007,40.7401,-74.0035
1329366010,40.7314,-73.9885
1329366013,40.7211,-73.9826
1329366019,40.7654,-73.9822
1329366022,40.7504,-73.9923
1329366023,40.771,-73.9175
1329366024,40.7635,-73.9812
1329366026,40.7272,-74.0005
1329366026,40.7615,-73.9922
1329366030,40.763,-73.9752
1329366031,40.6851,-73.9781
1329366032,40.7579,-73.9893
1329366032,40.782,-73.9793
1329366034,40.7515,-73.9865
1329366044,40.7386,-74.0037
1329366045,40.7337,-74.0028
1329366045,40.7493,-73.9012
1329366045,40.7204,-73.989
1329366045,40.7273,-73.9938
1329366045,40.7146,-73.9994
1329366049,40.7445,-73.9791
1329366050,40.7325,-74.0004
1329366050,40.7314,-73.9887
1329366050,40.7291,-73.9873
1329366052,40.7458,-73.9868
1329366052,40.7423,-73.9932
1329366053,40.7438,-73.9792
1329366053,40.7602,-73.9951
1329366058,40.7186,-73.996
1329366058,40.7613,-73.9796
1329366060,40.7619,-73.9909
1329366060,40.6896,-73.7367
1329366060,40.7441,-74.0066
1329366060,40.7436,-74.0068
1329366060,40.7777,-73.9548
1329366060,40.807,-73.9609
1329366060,40.727,-73.9858
1329366060,40.7594,-73.9748
1329366060,40.7467,-73.9938
1329366060,40.7178,-73.9578
1329366060,40.7385,-73.9998
1329366060,40.7148,-74.0095
1329366060,40.708,-74.0074
1329366060,40.7227,-73.9831
1329366060,40.7524,-73.9783
1329366060,40.7382,-73.988
1329366060,40.7535,-73.9689
1329366060,40.7718,-73.9827
1329366060,40.7477,-73.9787
1329366060,40.756,-73.9869
1329366060,40.7796,-73.9505
1329366060,40.7266,-73.9832
1329366060,40.7353,-73.9918
1329366060,40.7441,-74.007
1329366062,40.707,-74.0164
1329366062,40.7628,-73.9857
1329366072,40.7581,-73.9836
1329366076,40.7633,-73.9847
1329366080,40.7521,-73.9778
1329366081,40.7261,-73.9836
1329366083,40.7342,-73.9989
1329366087,40.7285,-73.9998
1329366089,40.7417,-73.9974
1329366092,40.7211,-73.9976
1329366094,40.7445,-73.9849
1329366096,40.7657,-73.9822
1329366096,40.7805,-73.9765
1329366098,40.7139,-73.9494
1329366103,40.7958,-73.9711
1329366104,40.7316,-74.0011
1329366104,40.721,-73.9924
1329366106,40.7558,-73.9678
1329366110,40.7452,-73.9983
1329366111,40.7556,-73.9839
1329366114,40.7227,-73.9831
1329366115,40.6971,-73.9355
1329366116,40.7513,-73.9713
1329366116,40.7199,-74.0052
1329366120,40.7886,-73.9708
1329366120,40.7476,-73.9767
1329366120,40.7595,-73.9719
1329366120,40.7863,-73.9522
1329366120,40.7331,-73.9999
1329366120,40.7676,-73.9835
1329366120,40.7272,-73.9938
1329366120,40.7613,-73.9638
1329366120,40.7402,-73.9926
1329366120,40.7561,-73.9897
1329366120,40.7136,-73.9987
1329366120,40.7528,-73.9791
1329366120,40.7515,-73.9771
1329366120,40.7435,-73.9727
1329366120,40.7539,-73.9994
1329366120,40.8148,-73.936
1329366120,40.7222,-73.9865
1329366120,40.76,-73.9915
1329366120,40.7209,-73.9812
1329366120,40.7447,-74.005
1329366120,40.7554,-73.9682
1329366120,40.7163,-73.9612
1329366120,40.7462,-73.9942
1329366121,40.7092,-74.0155
1329366122,40.7175,-74.0036
1329366124,40.7297,-73.9869
1329366124,40.7303,-73.9821
1329366125,40.7651,-73.9811
1329366126,40.7381,-73.9879
1329366127,40.7572,-73.982
1329366129,40.7459,-73.9882
1329366129,40.7439,-74.007
1329366132,0,0
1329366137,40.7273,-73.9923
1329366139,40.7235,-73.9966
1329366139,40.7636,-73.9591
1329366146,40.7627,-73.9836
1329366146,40.7198,-73.9873
1329366148,40.7651,-73.9809
1329366150,40.7495,-73.9916
1329366151,40.7194,-73.9989
1329366153,40.7312,-74.0103
1329366155,40.7141,-73.9518
1329366158,40.7089,-74.012
1329366161,40.7185,-73.9884
1329366162,40.7534,-73.9064
1329366164,40.7566,-73.9641
1329366166,40.7991,-73.9631
1329366167,40.7313,-73.9826
1329366168,40.8131,-73.9564
1329366168,40.7254,-73.9902
1329366171,40.7616,-73.9751
1329366173,40.7209,-73.987
1329366177,40.7673,-73.9823
1329366177,40.7501,-73.9911
1329366179,40.7206,-74.0082
1329366180,40.7474,-73.9252
1329366180,40.7173,-74.0033
1329366180,40.7496,-73.9919
1329366180,40.7187,-73.9883
1329366180,40.7078,-73.956
1329366180,40.751,-73.994
1329366180,40.7217,-73.989
1329366180,40.8014,-73.968
1329366180,40.7427,-73.9926
1329366180,40.747,-73.9933
1329366180,40.7417,-73.9974
1329366180,0.083332,-73.948
1329366180,40.747,-73.891
1329366180,40.7769,-73.9596
1329366180,40.7162,-73.9948
1329366180,40.7095,-74.0111
1329366180,40.704,-74.009
1329366180,40.7831,-73.9745
1329366180,40.7623,-73.9722
1329366180,40.7271,-73.9888
1329366180,40.7622,-73.9936
1329366180,40.7584,-73.9886
1329366180,40.7274,-73.9937
1329366180,40.715,-74.0085
1329366180,40.7738,-73.8705
1329366180,40.7595,-73.9862
1329366193,40.7212,-73.9842
1329366194,40.7574,-73.8684
1329366197,40.7375,-73.9977
1329366203,40.7406,-74.0078
1329366203,40.7272,-73.9938
1329366203,40.7647,-73.9804
1329366207,40.7462,-73.9916
1329366211,40.8503,-73.9356
1329366213,40.7902,-73.9772
1329366215,40.7625,-73.9827
1329366218,40.7624,-73.9767
1329366222,40.7565,-73.998
1329366224,40.763,-73.9833
1329366228,40.7237,-73.9852
1329366228,40.7782,-73.9782
1329366234,40.7415,-73.9814
1329366235,40.7258,-73.9899
1329366236,40.7465,-73.992
1329366237,40.7146,-73.9988
1329366240,40.7277,-73.9823
1329366240,40.7534,-73.9749
1329366240,40.7156,-73.9985
1329366240,40.7335,-74.0027
1329366240,40.7673,-73.9958
1329366240,40.7228,-73.986
1329366240,40.7607,-73.9838
1329366240,40.7355,-74.0024
1329366240,40.731,-73.9816
1329366240,40.7087,-74.006
1329366240,40.7349,-74.0022
1329366240,40.7222,-73.9865
1329366240,40.7413,-74.006
1329366240,40.7144,-74.0099
1329366240,40.7603,-73.9847
1329366240,40.7608,-73.9904
1329366240,40.7469,-73.9937
1329366240,40.74,-73.9855
1329366240,40.7431,-74.0002
1329366240,40.7493,-73.9915
1329366240,40.7141,-74.0067
1329366240,40.7534,-73.9697
1329366240,40.7331,-74
1329366240,40.7628,-73.9722
1329366240,0,0
1329366240,40.7557,-73.9714
1329366240,40.7801,-73.9845
1329366240,40.7672,-73.9958
1329366240,0,0
1329366242,40.7565,-73.9644
1329366244,40.7608,-73.9876
1329366247,40.7779,-73.9567
1329366247,0,0
1329366248,40.763,-73.9833
1329366253,40.7212,-73.9937
1329366254,40.7385,-73.9998
1329366255,40.7606,-73.9628
1329366258,40.764,-73.9789
1329366265,40.7289,-74.0053
1329366270,40.7322,-74.0006
1329366270,40.7398,-73.9867
1329366272,40.7763,-73.9797
1329366272,40.7473,-73.9857
1329366274,40.7623,-73.9683
1329366275,40.7224,-73.9889
1329366276,40.7393,-73.9957
1329366277,40.7137,-74.0093
1329366277,40.7671,-73.9957
1329366283,0,0
1329366285,40.7439,-73.9837
1329366287,40.7207,-73.9549
1329366291,40.7357,-74.0068
1329366293,40.7217,-73.9957
1329366293,40.735,-73.9912
1329366298,40.7177,-73.9578
1329366300,40.7022,-73.9871
1329366300,40.7536,-73.9927
1329366300,40.7472,-74.004
1329366300,40.7628,-73.9833
1329366300,40.7467,-73.994
1329366300,40.7483,-74.0054
1329366300,40.7292,-73.9935
1329366300,40.7521,-73.9784
1329366300,40.7595,-73.9887
1329366300,40.7143,-73.9997
1329366300,40.7567,-73.9783
1329366300,40.7326,-73.9197
1329366300,40.8137,-73.96
1329366300,40.7475,-73.9884
1329366300,40.7224,-73.9972
1329366302,40.7218,-73.9921
1329366304,40.7519,-73.9922
1329366305,40.7433,-73.9961
1329366305,40.7397,-73.9825
1329366306,40.7499,-73.988
1329366307,40.7627,-73.9834
1329366308,40.7244,-73.9851
1329366308,0,0
1329366309,40.7232,-73.9885
1329366311,40.7139,-73.9924
1329366321,40.754,-73.9975
1329366322,40.7434,-73.9186
1329366324,40.7559,-73.9865
1329366327,40.7882,-73.9769
1329366327,40.7535,-73.9854
1329366328,40.7511,-73.9402
1329366331,40.7829,-73.9744
1329366334,40.7212,-73.9976
1329366335,40.7246,-74.0043
1329366338,40.7462,-73.9779
1329366342,40.7601,-73.9882
1329366347,40.7395,-74.0022
1329366348,40.746,-73.9779
1329366349,40.7561,-73.9889
1329366349,40.7581,-73.9846
1329366350,40.7754,-73.9537
1329366350,40.7579,-73.9659
1329366351,40.7442,-74.0067
1329366353,40.7484,-73.9882
1329366353,40.7438,-73.984
1329366353,40.7624,-73.9733
1329366353,40.7383,-73.9774
1329366355,40.7325,-74.0003
1329366357,40.7198,-73.9877
1329366358,40.7377,-74.0003
1329366360,40.7967,-73.9721
1329366360,40.7336,-74.0272
1329366360,40.7465,-73.9941
1329366360,40.791,-73.9746
1329366360,40.6816,-73.9664
1329366360,40.744,-73.9734
1329366360,40.7411,-73.9925
1329366360,40.7214,-73.9867
1329366360,40.7703,-73.918
1329366360,40.7389,-74.0053
1329366360,40.7715,-73.9595
1329366360,40.7768,-73.9473
1329366360,40.7843,-73.9701
1329366360,40.7216,-73.9936
1329366360,40.7418,-74.004
1329366360,40.746,-73.9902
1329366360,40.7149,-73.959
1329366360,40.7112,-73.9511
1329366360,40.7738,-73.8709
1329366360,40.7629,-73.9739
1329366360,40.7291,-73.9936
1329366360,40.7172,-73.9987
1329366360,40.7596,-73.9731
1329366360,40.7697,-73.9808
1329366360,40.7415,-73.9753
1329366361,40.7453,-73.9872
1329366362,40.7226,-73.9886
1329366363,40.7088,-74.0135
1329366363,40.7606,-73.9874
1329366365,40.778,-73.9518
1329366365,40.7281,-73.9882
1329366366,40.7388,-73.9958
1329366369,40.7588,-73.9688
1329366369,40.7258,-74.0042
1329366371,40.7522,-73.9431
1329366374,40.7949,-73.9719
1329366376,40.7511,-73.9451
1329366377,40.8107,-73.9524
1329366378,40.7135,-73.9986
1329366380,40.7606,-73.9627
1329366382,40.7192,-73.9584
1329366384,40.7655,-73.9607
1329366385,40.7246,-73.9941
1329366392,40.7795,-73.9878
1329366397,40.761,-73.9872
1329366400,40.7192,-73.9855
1329366401,40.7611,-73.9819
1329366401,40.7272,-73.9857
1329366403,40.7502,-73.9914
1329366404,40.7263,-73.9892
1329366404,40.7143,-73.9469
1329366405,40.744,-74.0068
1329366406,40.729,-73.9814
1329366407,40.665,-73.8023
1329366408,40.7485,-73.9889
1329366408,40.6779,-73.973
1329366409,40.7216,-74
1329366411,40.7881,-73.9769
1329366414,40.7636,-73.9821
1329366420,40.7156,-73.8324
1329366420,40.76,-73.9914
1329366420,40.7273,-73.9797
1329366420,40.7315,-73.9825
1329366420,40.7443,-74.0067
1329366420,40.7257,-73.9838
1329366420,40.787,-73.9775
1329366420,40.7588,-73.9706
1329366420,40.7562,-73.9896
1329366420,40.7422,-74.004
1329366420,40.7527,-73.9827
1329366420,40.7428,-73.9793
1329366420,40.7259,-74.0077
1329366420,40.734,-74.0026
1329366420,0,0
1329366420,40.7639,-73.9857
1329366420,40.7317,-73.9891
1329366420,40.7308,-73.9835
1329366420,40.7141,-73.9504
1329366420,40.7684,-73.9889
1329366420,40.744,-73.9762
1329366420,40.7337,-74.0026
1329366420,40.7638,-73.9621
1329366420,40.7478,-73.9929
1329366420,40.7587,-73.9814
1329366420,40.7282,-74.0024
1329366420,40.7351,-73.9915
1329366420,0,0
1329366420,0,0
1329366420,40.7606,-73.9571
1329366420,40.7309,-74.0045
1329366420,40.7459,-73.9881
1329366420,40.8502,-73.9122
1329366421,40.7254,-73.984
1329366424,40.7393,-74.0029
1329366428,40.7433,-73.9925
1329366433,40.7853,-73.9492
1329366436,40.7595,-73.9895
1329366437,40.7233,-73.9888
1329366439,40.7596,-73.9895
1329366440,40.6488,-73.7825
1329366442,40.744,-74.0068
1329366443,0,0
1329366446,40.763,-73.9787
1329366446,40.7169,-73.9984
1329366453,40.7567,-73.9897
1329366455,40.7485,-73.9848
1329366455,40.6932,-73.9717
1329366455,40.7601,-73.9682
1329366455,40.7439,-74.0068
1329366457,40.7395,-73.9765
1329366460,40.7205,-74.0102
1329366464,40.7607,-73.9623
1329366465,40.7439,-73.9986
1329366466,40.7246,-73.9907
1329366468,40.724,-73.9926
1329366469,40.7299,-73.9814
1329366470,40.7812,-73.9544
1329366470,40.7546,-73.9846
1329366476,40.7249,-73.9808
1329366476,40.7135,-73.9984
1329366478,40.7594,-73.9908
1329366479,40.7442,-74.0068
1329366480,40.7618,-73.9167
1329366480,40.7444,-74.0066
1329366480,40.7585,-73.9876
1329366480,40.7635,-73.9737
1329366480,40.7606,-73.9838
1329366480,40.7944,-73.9701
1329366480,40.7644,-73.9664
1329366480,40.7444,-74.0066
1329366480,40.7683,-73.9771
1329366480,40.7434,-73.9187
1329366480,40.7569,-73.9827
1329366480,0,0
1329366480,40.7337,-74.0027
1329366480,40.7607,-73.98
1329366480,40.7552,-73.9267
1329366480,40.7172,-73.8353
1329366480,40.7586,-73.9659
1329366480,40.7263,-74.0057
1329366480,40.7296,-73.9839
1329366480,40.7606,-73.9867
1329366480,40.7337,-74.0026
1329366480,40.7543,-73.972
1329366480,40.7837,-73.9475
1329366480,40.7415,-74.0071
1329366480,40.7575,-73.9897
1329366483,40.7132,-73.9958
1329366484,40.7401,-73.9988
1329366488,40.725,-73.9904
1329366490,40.7603,-73.9834
1329366494,40.7396,-74.0063
1329366495,40.7268,-73.989
1329366496,40.7145,-73.9997
1329366497,40.7441,-74.0068
1329366497,40.7567,-73.9787
1329366500,40.7481,-73.9883
1329366502,40.7424,-74.0043
1329366504,40.7633,-73.9726
1329366508,40.7474,-73.9743
1329366510,40.7731,-73.9551
1329366519,40.7797,-73.9505
1329366522,40.7424,-74.0042
1329366524,40.7983,-73.9418
1329366524,40.7388,-74.0002
1329366527,40.7297,-73.987
1329366527,40.7439,-74.007
1329366529,40.7604,-73.9625
1329366533,40.7395,-73.9767
1329366534,40.7633,-73.9628
1329366536,40.7186,-73.9888
1329366536,40.7612,-73.9999
1329366537,40.743,-74.004
1329366537,40.762,-73.9792
1329366540,40.7524,-73.9781
1329366540,0,0
1329366540,40.8206,-73.9581
1329366540,40.7515,-74.0035
1329366540,40.7437,-74.007
1329366540,40.7251,-73.9781
1329366540,40.6449,-73.7933
1329366540,40.7441,-74.0069
1329366540,40.7545,-73.9757
1329366540,40.7656,-73.9803
1329366540,40.7447,-73.9835
1329366540,40.7418,-74.0041
1329366540,40.7336,-73.9936
1329366540,40.7514,-73.9742
1329366540,40.8036,-73.9673
1329366540,40.7614,-73.9983
1329366540,40.7301,-73.9543
1329366540,40.8097,-73.9497
1329366540,40.742,-74.004
1329366540,40.714,-73.9516
1329366540,40.7704,-73.9819
1329366542,40.7223,-73.9972
1329366543,40.72,-73.9877
1329366544,40.7409,-73.9943
1329366546,40.7617,-73.9792
1329366547,40.808,-73.9458
1329366548,40.7313,-74.0014
1329366549,40.745,-73.9787
1329366550,40.756,-73.991
1329366551,40.7269,-73.9801
1329366553,40.755,-73.9783
1329366553,40.7745,-73.9772
1329366554,40.7577,-73.9818
1329366561,40.731,-73.9859
1329366566,40.7628,-73.9931
1329366567,40.7234,-73.9885
1329366568,40.744,-74.0068
1329366570,40.7551,-73.9846
1329366572,40.763,-73.9817
1329366574,40.7435,-73.9923
1329366574,40.7513,-74.0017
1329366576,40.7647,-73.9617
1329366577,40.7551,-73.9682
1329366579,40.7442,-74.0069
1329366580,40.747,-73.8908
1329366580,0,0
1329366581,40.7026,-74.0131
1329366584,40.7111,-73.9499
1329366585,40.7613,-73.9621
1329366586,40.7393,-74.0063
1329366589,40.7253,-73.9952
1329366590,40.7231,-73.9888
1329366592,40.7812,-73.9799
1329366597,40.7139,-73.9494
1329366600,40.7624,-73.9863
1329366600,40.791,-73.9746
1329366600,40.7563,-73.9833
1329366600,40.7349,-73.9909
1329366600,40.7595,-73.9185
1329366600,40.757,-73.9737
1329366600,40.7025,-74.0131
1329366600,40.8161,-73.9585
1329366600,40.7301,-73.9543
1329366600,40.8149,-73.9591
1329366600,40.757,-73.9936
1329366600,40.7606,-73.9628
1329366600,40.7983,-73.9599
1329366600,40.7559,-73.9945
1329366600,40.7528,-73.9935
1329366600,40.7687,-73.9877
1329366600,40.7889,-73.9704
1329366600,40.7321,-73.9914
1329366600,40.7441,-74.0066
1329366600,40.7417,-74.0034
1329366600,0,0
1329366602,40.8101,-73.9371
1329366605,40.7909,-73.975
1329366606,40.7672,-73.9685
1329366608,40.7478,-73.8839
1329366609,40.7148,-74.008
1329366610,40.7441,-74.0067
1329366611,40.7304,-74.0046
1329366615,40.7664,-73.9573
1329366615,40.7187,-74.0002
1329366617,40.7331,-73.9906
1329366620,40.7216,-73.9809
1329366621,40.7529,-73.9862
1329366626,40.7092,-74.0095
1329366626,40.7236,-73.9882
1329366631,40.7481,-73.9926
1329366632,40.7796,-73.9618
1329366634,40.7543,-73.9691
1329366636,40.7369,-74.0012
1329366638,40.7771,-73.989
1329366639,40.7277,-74.0016
1329366639,40.7437,-73.9962
1329366639,40.7209,-74.0006
1329366641,40.7328,-74.0076
1329366641,40.7669,-73.9213
1329366641,40.7314,-73.9886
1329366642,40.7472,-73.9753
1329366642,40.7487,-73.9874
1329366643,40.6773,-73.9728
1329366644,40.8197,-73.9217
1329366645,40.7688,-73.9822
1329366645,40.7546,-73.9685
1329366650,40.7423,-74.0043
1329366651,40.7507,-73.9946
1329366652,40.744,-74.0068
1329366653,40.7585,-73.9886
1329366653,40.7148,-73.9997
1329366656,40.7376,-74.0064
1329366660,40.7246,-73.9958
1329366660,40.7547,-73.9865
1329366660,40.7892,-73.9403
1329366660,40.743,-74.0039
1329366660,0,0
1329366660,40.7456,-74.0057
1329366660,40.7404,-74.0053
1329366660,40.7043,-73.9503
1329366660,40.7695,-73.989
1329366660,40.7613,-73.9878
1329366660,40.7979,-73.9401
1329366660,40.7659,-73.9752
1329366660,40.749,-73.9731
1329366660,40.727,-73.9917
1329366660,40.73,-73.9995
1329366660,40.6876,-74.1829
1329366660,40.7644,-73.9778
1329366660,40.7241,-74.0047
1329366660,40.7291,-73.9813
1329366660,40.7522,-73.9246
1329366660,40.7595,-73.9698
1329366662,40.7339,-73.9807
1329366664,40.7304,-74.0045
1329366667,40.7621,-73.9839
1329366670,40.7301,-73.9994
1329366672,40.7668,-73.9828
1329366674,40.734,-73.9807
1329366674,40.7214,-73.984
1329366675,40.7659,-73.991
1329366680,40.7459,-73.9945
1329366682,40.7625,-73.9784
1329366684,40.7478,-73.987
1329366684,40.7336,-73.9737
1329366686,40.7764,-73.9821
1329366687,40.775,-73.9829
1329366688,40.8055,-73.9622
1329366691,40.7369,-73.9973
1329366691,0,0
1329366698,40.6922,-73.9159
1329366703,40.8271,-73.9371
1329366706,40.7565,-73.991
1329366708,40.7246,-73.9907
1329366710,40.76,-73.986
1329366712,40.7834,-73.9509
1329366713,40.7592,-73.9724
1329366716,40.7612,-73.9694
1329366718,40.7308,-74.0009
1329366720,40.7716,-73.9532
1329366720,40.6467,-73.7788
1329366720,40.6454,-73.7767
1329366720,40.7552,-73.9753
1329366720,40.7447,-73.9761
1329366720,40.7421,-74.004
1329366720,40.7985,-73.9598
1329366720,40.7384,-73.9996
1329366720,40.7151,-74.0084
1329366720,40.7451,-73.9986
1329366720,40.7593,-73.9962
1329366720,40.7766,-73.9504
1329366720,40.8145,-73.9295
1329366720,40.7527,-73.9745
1329366720,40.7635,-73.9827
1329366720,40.742,-74.0038
1329366720,40.7863,-73.9717
1329366720,40.7159,-74.0089
1329366720,40.7139,-73.9331
1329366720,40.75,-73.9365
1329366720,0,0
1329366720,40.7236,-73.9882
1329366720,40.7325,-74.0035
1329366720,40.727,-73.9916
1329366720,40.7542,-73.9424
1329366720,40.7387,-73.9891
1329366720,40.7482,-73.9889
1329366720,40.7887,-73.9439
1329366720,40.691,-73.9553
1329366720,40.717,-73.9901
1329366720,40.7613,-73.9638
1329366723,40.758,-73.9633
1329366726,40.7441,-74.0068
1329366727,40.7271,-73.9915
1329366730,40.7522,-73.9765
1329366731,40.7483,-73.9764
1329366734,40.7843,-73.9776
1329366735,40.7439,-74.0065
1329366738,40.8029,-73.9636
1329366738,40.7385,-73.9994
1329366742,40.7144,-74.0085
1329366742,40.7965,-73.9722
1329366744,40.7472,-73.9855
1329366745,40.7247,-73.9784
1329366747,40.7623,-73.9844
1329366749,40.7449,-73.999
1329366750,40.7321,-73.9942
1329366752,40.7337,-74.0063
1329366753,40.7458,-73.9981
1329366753,40.7622,-73.9864
1329366753,40.7769,-73.9555
1329366754,40.7634,-73.9856
1329366757,40.7742,-73.8722
1329366760,40.7621,-73.9843
1329366764,40.7411,-74.0073
1329366766,40.7196,-73.9945
1329366774,40.7296,-73.9901
1329366776,40.7578,-73.9836
1329366776,40.7619,-73.9631
1329366780,40.7582,-73.9926
1329366780,40.7804,-73.95
1329366780,40.7571,-73.9929
1329366780,40.7491,-73.9961
1329366780,40.7623,-73.9862
1329366780,40.7201,-74.0067
1329366780,40.7659,-73.9798
1329366780,40.7388,-73.9915
1329366780,40.7253,-74.0039
1329366780,40.741,-74.0075
1329366780,40.8206,-73.9548
1329366780,40.7345,-74.008
1329366780,40.7331,-73.9873
1329366780,40.7582,-73.9664
1329366780,40.7489,-73.9758
1329366780,40.7517,-73.9428
1329366780,40.731,-73.9889
1329366780,40.7399,-74.0054
1329366780,40.7452,-73.9987
1329366780,40.7398,-74.0024
1329366780,40.7644,-73.992
1329366780,40.7334,-74.0062
1329366780,40.744,-74.007
1329366780,40.7474,-73.9969
1329366780,40.75,-73.9767
1329366780,0,0
1329366782,40.7676,-73.9186
1329366786,40.76,-73.9914
1329366786,40.7204,-73.9889
1329366787,40.8031,-73.9563
1329366788,40.7666,-73.9942
1329366791,40.7439,-74.0065
1329366792,40.7673,-73.9963
1329366792,40.7457,-73.9915
1329366792,40.7663,-73.9944
1329366794,40.7883,-73.9765
1329366794,40.744,-73.9958
1329366794,40.7913,-73.9761
1329366797,40.7357,-74.0059
1329366799,40.7557,-73.9836
1329366800,40.7428,-73.9865
1329366800,40.7159,-73.9994
1329366802,40.7471,-73.979
1329366803,40.7436,-73.9892
1329366804,40.7674,-73.9566
1329366808,40.7598,-73.9861
1329366808,40.6961,-73.9917
1329366809,40.7409,-74.0053
1329366815,40.7294,-73.9901
1329366817,40.7754,-73.9536
1329366821,40.731,-74.0015
1329366826,40.7206,-73.9951
1329366828,40.7402,-74.0059
1329366830,40.7756,-73.9801
1329366830,40.7603,-73.9875
1329366835,40.7585,-73.9861
1329366836,40.7482,-73.9392
1329366837,40.7478,-73.9739
1329366838,40.7548,-73.9804
1329366839,40.7312,-74.0079
1329366840,40.712,-74.0106
1329366840,40.689,-73.9903
1329366840,40.7897,-73.9756
1329366840,40.7305,-73.9804
1329366840,40.7312,-0.989
1329366840,40.769,-73.9818
1329366840,40.7577,-73.9859
1329366840,40.7389,-73.9875
1329366840,40.7192,-73.9879
1329366840,40.7588,-73.9893
1329366840,40.7565,-73.9942
1329366840,40.7188,-73.988
1329366840,40.7617,-73.9693
1329366840,40.6896,-73.9661
1329366840,40.7731,-73.9599
1329366840,40.7947,-73.9624
1329366840,0,0
1329366840,40.7864,-73.9697
1329366840,40.7596,-73.989
1329366840,40.7845,-73.9572
1329366840,40.8031,-73.9524
1329366840,40.7555,-73.971
1329366840,40.7348,-74.0098
1329366840,40.7063,-73.9319
1329366840,40.7612,-73.9716
1329366840,40.7273,-73.9917
1329366840,40.7452,-73.9756
1329366841,40.734,-74.0027
1329366844,40.7627,-73.9794
1329366846,40.7513,-73.9758
1329366848,40.7629,-73.9629
1329366849,40.7389,-73.9992
1329366853,40.7585,-73.9912
1329366854,40.7611,-73.9909
1329366854,40.7641,-73.9155
1329366856,40.7667,-73.9827
1329366858,40.7733,-73.9213
1329366860,40.7442,-73.9957
1329366860,40.7622,-73.9706
1329366861,40.7523,-73.9768
1329366865,40.7196,-73.9931
1329366871,40.7611,-73.9696
1329366871,40.7569,-73.9827
1329366871,40.7334,-74.002
1329366872,40.7679,-73.9895
1329366874,40.7609,-73.9689
1329366876,40.7444,-73.9763
1329366877,40.7673,-73.9899
1329366878,40.7591,-73.919
1329366878,40.7606,-73.9626
1329366887,40.7593,-73.9684
1329366887,40.7472,-74.0028
1329366891,40.746,-73.9979
1329366893,40.7226,-73.9879
1329366894,40.7971,-73.9378
1329366894,40.7825,-73.9535
1329366897,40.7315,-73.989
1329366897,40.6916,-73.9891
1329366897,40.7203,-73.9929
1329366900,40.7541,-73.9755
1329366900,40.7531,-73.9731
1329366900,40.744,-73.9234
1329366900,40.754,-73.9664
1329366900,0,0
1329366900,40.7559,-73.9678
1329366900,40.7329,-73.9875
1329366900,40.759,-73.9823
1329366900,40.7286,-74.0006
1329366900,40.764,-73.9733
1329366900,40.7934,-73.9455
1329366900,40.7475,-73.9851
1329366900,40.7407,-74.0047
1329366900,40.7598,-73.9775
1329366900,40.7534,-73.9808
1329366900,40.7586,-73.9766
1329366900,40.7424,-74.0043
1329366900,40.7677,-73.9854
1329366901,40.7543,-73.9423
1329366901,40.7235,-74.008
1329366906,40.7647,-73.9843
1329366914,40.7875,-73.9789
1329366918,40.7662,-73.9795
1329366926,40.7424,-74.0044
1329366927,40.7819,-73.9794
1329366930,40.7607,-73.9872
1329366931,40.7112,-73.9489
1329366933,40.7394,-73.9953
1329366935,40.7572,-73.9822
1329366940,40.7663,-73.9696
1329366942,40.7613,-73.9868
1329366949,40.7137,-73.9986
1329366951,40.7229,-74.0367
1329366952,40.7573,-73.984
1329366956,40.7843,-73.9777
1329366956,40.7783,-73.9489
1329366959,40.7143,-74.0099
1329366960,40.7116,-73.9455
1329366960,40.746,-74.0002
1329366960,40.7186,-73.9878
1329366960,40.7232,-73.9885
1329366960,40.7827,-73.9788
1329366960,40.7578,-73.9712
1329366960,40.6926,-73.8111
1329366960,40.6911,-74.1809
1329366960,40.7797,-73.9537
1329366960,40.7855,-73.9765
1329366960,40.7959,-73.9653
1329366960,40.7357,-73.9927
1329366960,40.7656,-73.976
1329366960,40.7713,-73.9564
1329366960,40.7323,-74.0068
1329366960,40.7524,-73.9859
1329366960,40.7584,-73.9886
1329366960,40.7735,-73.9815
1329366960,40.7789,-73.9555
1329366961,40.7578,-73.9838
1329366966,40.726,-73.9834
1329366974,0,0
1329366975,40.6975,-73.9851
1329366976,40.73,-73.9835
1329366976,40.7293,-73.9874
1329366983,40.7626,-73.968
1329366983,40.7469,-73.9934
1329366984,40.7817,-73.9796
1329366985,40.8358,-73.9236
1329366985,40.726,-73.9835
1329366987,40.7664,-73.9607
1329366989,40.761,-73.9832
1329366989,40.7474,-73.9814
1329366993,40.7647,-73.9843
1329366993,40.7437,-74.0069
1329366996,40.7233,-73.9883
1329366998,40.7277,-73.9854
1329366998,40.7557,-73.9729
1329366998,40.7472,-73.9856
1329366999,40.7393,-74.0027
1329366999,40.749,-73.9873
1329367000,40.7548,-73.9737
1329367000,40.7409,-73.9757
1329367002,40.755,-73.9746
1329367002,40.7543,-73.9884
1329367002,40.7299,-73.9541
1329367009,40.7614,-73.998
1329367009,40.7591,-73.9895
1329367009,40.7293,-73.9813
1329367013,40.7587,-73.9862
1329367015,40.7623,-73.9899
1329367015,40.7302,-73.9865
1329367016,40.7541,-73.9718
1329367018,40.755,-73.9951
1329367020,40.7641,-73.9885
1329367020,40.7604,-73.9952
1329367020,40.7471,-73.9776
1329367020,40.7398,-73.9825
1329367020,40.748,-73.9736
1329367020,40.7482,-73.9969
1329367020,40.7401,-74.0034
1329367020,40.7246,-73.9847
1329367020,40.7615,-73.9637
1329367020,40.7165,-73.9969
1329367020,0,0
1329367020,40.7135,-73.9985
1329367020,40.7627,-73.9789
1329367020,40.7601,-73.9848
1329367020,40.6911,-74.1809
1329367020,40.744,-73.9235
1329367020,40.7436,-74.0064
1329367020,40.7064,-74.0165
1329367020,0,0
1329367020,40.7245,-73.9933
1329367020,40.7225,-73.9831
1329367020,40.7223,-74.0039
1329367020,40.7755,-73.9823
1329367020,40.757,-73.9937
1329367020,40.7542,-73.969
1329367021,40.7479,-74.0042
1329367023,40.7441,-74.0067
1329367024,40.7286,-73.9755
1329367030,40.7494,-73.97
1329367033,40.7629,-73.9819
1329367033,40.7278,-73.9851
1329367033,40.7583,-73.9899
1329367036,40.7685,-73.9823
1329367038,40.7376,-73.9913
1329367039,40.7462,-73.98
1329367044,40.7566,-73.9673
1329367046,40.7663,-73.9603
1329367047,40.7188,-73.9881
1329367048,40.772,-73.9531
1329367051,40.7598,-73.9899
1329367052,40.7309,-74.001
1329367053,40.7627,-73.9932
1329367053,40.7695,-73.9896
1329367054,40.7222,-73.9971
1329367056,40.7268,-74.0035
1329367056,40.7575,-73.9824
1329367056,40.752,-73.9771
1329367057,40.7595,-73.9736
1329367059,40.7144,-73.9612
1329367060,40.764,-73.9848
1329367060,40.764,-73.9886
1329367063,40.7409,-73.9858
1329367066,40.8159,-73.9583
1329367072,40.7331,-74.0031
1329367078,40.7139,-73.9617
1329367078,40.7766,-73.9557
1329367079,40.7383,-74.0011
1329367080,40.7756,-73.9823
1329367080,40.7673,-73.9826
1329367080,40.8025,-73.9643
1329367080,40.7244,-73.9996
1329367080,40.7747,-73.8728
1329367080,40.7538,-73.9959
1329367080,40.7232,-73.9986
1329367080,40.7122,-74.0098
1329367080,40.6906,-73.9954
1329367080,40.7498,-73.9758
1329367080,40.7613,-73.9639
1329367080,40.7442,-74.0068
1329367080,40.7635,-73.987
1329367080,40.7527,-73.9864
1329367080,40.7269,-73.9889
1329367080,40.7725,-73.9588
1329367080,40.7909,-73.9681
1329367080,40.7482,-73.9883
1329367080,40.7318,-73.9856
1329367080,40.7389,-73.9876
1329367080,40.7037,-73.5273
1329367080,40.7469,-73.9973
1329367080,40.722,-73.9934
1329367080,40.7908,-73.9748
1329367086,40.7572,-73.9696
1329367089,40.7232,-73.9931
1329367089,40.7994,-73.9629
1329367093,40.744,-74.0067
1329367094,40.6819,-73.9777
1329367097,40.7527,-73.9756
1329367102,40.7462,-73.978
1329367102,40.764,-73.9779
1329367104,40.7373,-73.9905
1329367106,40.7224,-73.9872
1329367110,40.7865,-73.9723
1329367111,40.8533,-73.91
1329367112,40.7157,-74.0149
1329367114,40.7583,-73.9712
1329367115,40.7491,-73.9751
1329367118,40.7647,-73.9741
1329367119,40.7431,-73.9911
1329367120,40.7611,-73.9617
1329367120,40.7344,-73.9836
1329367122,40.7564,-73.9913
1329367124,40.7421,-73.9972
1329367131,40.7342,-73.9992
1329367134,40.7525,-73.9728
1329367135,40.7277,-73.9853
1329367139,40.7431,-73.9799
1329367140,40.7449,-73.9761
1329367140,40.7217,-74.0089
1329367140,40.7561,-73.9941
1329367140,40.7609,-73.9836
1329367140,40.7466,-73.99
1329367140,40.7878,-73.9539
1329367140,0,0
1329367140,40.737,-74.0054
1329367140,40.8315,-73.9636
1329367140,40.7473,-74.0036
1329367140,40.7862,-73.9569
1329367140,40.7111,-73.9494
1329367140,40.749,-73.9828
1329367140,40.708,-74.0069
1329367140,40.7359,-73.9855
1329367140,40.7809,-73.9496
1329367140,40.7499,-73.9908
1329367140,40.7441,-74.0068
1329367140,40.7298,-73.9898
1329367140,40.7424,-73.8968
1329367140,40.7947,-73.97
1329367140,40.769,-73.9883
1329367141,40.7409,-74.0076
1329367142,40.7538,-73.9701
1329367148,40.7551,-73.9951
1329367151,40.749,-73.9959
1329367155,40.7493,-73.9828
1329367158,40.6897,-73.9663
1329367159,40.7606,-73.9624
1329367161,40.731,-74.001
1329367161,40.8024,-73.9454
1329367162,40.7187,-73.9888
1329367164,40.7633,-73.9928
1329367166,40.7398,-74.0023
1329367169,40.743,-74.0041
1329367170,40.7708,-73.9569
1329367171,40.764,-73.9725
1329367174,40.7635,-73.9544
1329367176,40.7909,-73.9747
1329367176,40.7696,-73.9881
1329367180,40.75,-73.9912
1329367184,40.7366,-73.9889
1329367185,40.7397,-73.9764
1329367185,40.7681,-73.9805
1329367191,40.7638,-73.9623
1329367197,40.7294,-73.9999
1329367199,40.8118,-73.9383
1329367199,40.7933,-73.9455
1329367200,40.7109,-74.009
1329367200,40.749,-73.9868
1329367200,0,0
1329367200,40.7551,-73.9739
1329367200,40.7906,-73.9475
1329367200,40.7439,-74.0066
1329367200,40.7508,-73.9874
1329367200,40.7454,-73.9852
1329367200,40.7347,-73.9907
1329367200,40.7599,-73.9319
1329367200,40.7554,-73.9742
1329367200,40.7239,-73.9849
1329367200,40.6487,-73.7821
1329367200,40.7256,-73.99
1329367200,40.7198,-73.9875
1329367200,40.7388,-73.9872
1329367200,40.7667,-73.9866
1329367200,40.7291,-73.9759
1329367203,40.7392,-74.003
1329367204,40.7335,-74.003
1329367208,40.762,-73.9789
1329367208,40.7794,-73.9476
1329367210,40.734,-74.0027
1329367215,40.7615,-73.9865
1329367218,40.7182,-73.9573
1329367219,40.7368,-73.9818
1329367219,40.7424,-74.0043
1329367220,40.7572,-73.9703
1329367222,40.7617,-73.986
1329367225,40.784,-73.9523
1329367226,40.7559,-73.9907
1329367227,40.7422,-73.9972
1329367229,40.765,-73.9662
1329367230,40.7969,-73.938
1329367231,40.7476,-73.9769
1329367239,40.7172,-74.0062
1329367239,40.7547,-73.9953
1329367240,40.7562,-73.9704
1329367241,0,0
1329367244,40.8189,-73.9562
1329367248,40.7278,-73.9993
1329367251,40.7306,-73.9925
1329367252,0,0
1329367252,0,0
1329367253,40.7735,-73.96
1329367255,40.7257,-73.9835
1329367255,40.7556,-73.9739
1329367258,40.7424,-74.0043
1329367260,40.7672,-73.8662
1329367260,40.7274,-73.9854
1329367260,40.7471,-73.9901
1329367260,40.7444,-74.0061
1329367260,40.743,-74.0028
1329367260,40.7628,-73.9803
1329367260,40.7543,-73.9777
1329367260,40.7737,-73.9816
1329367260,40.7651,-73.9875
1329367260,40.7281,-73.9991
1329367260,40.7611,-73.9612
1329367260,40.6831,-74.0011
1329367260,40.7798,-73.9771
1329367260,40.7316,-74.001
1329367260,40.7235,-73.9884
1329367260,40.7582,-73.9826
1329367260,0,0
1329367260,40.7433,-73.9149
1329367260,40.6658,-73.9925
1329367260,40.726,-73.9896
1329367260,40.7465,-73.9776
1329367260,40.7237,-73.9881
1329367260,40.7794,-73.951
1329367260,40.7597,-73.9992
1329367260,0,0
1329367260,40.7581,-73.977
1329367260,40.7503,-73.9794
1329367262,40.7375,-73.9968
1329367262,40.7319,-73.9902
1329367266,40.7283,-73.982
1329367271,40.7385,-73.9856
1329367271,40.7553,-73.9838
1329367271,40.7189,-73.9566
1329367273,40.7249,-73.9955
1329367276,40.779,-73.9821
1329367276,40.7776,-73.9507
1329367276,40.7405,-73.9945
1329367276,40.7486,-73.9883
1329367277,40.7489,-73.9874
1329367279,40.7794,-73.9477
1329367279,40.752,-73.9773
1329367283,0,0
1329367283,40.7854,-73.9695
1329367284,40.7179,-73.9577
1329367293,40.7275,-73.9855
1329367293,40.7282,-73.982
1329367294,40.7595,-73.988
1329367294,40.7453,-73.9949
1329367299,40.7425,-74.0042
1329367299,40.7441,-74.007
1329367299,40.7797,-73.9474
1329367302,40.803,-73.9638
1329367303,40.7764,-73.9796
1329367303,40.7365,-73.9891
1329367304,40.7549,-73.9879
1329367304,40.761,-73.9692
1329367304,40.7813,-73.9467
1329367305,40.7407,-73.9943
1329367305,40.7397,-74.0026
1329367307,40.7049,-74.0112
1329367312,40.7582,-73.9854
1329367316,40.7437,-73.9215
1329367319,40.7565,-73.9896
1329367320,40.7319,-73.9821
1329367320,40.7395,-73.9885
1329367320,40.7464,-73.9913
1329367320,40.7278,-73.9991
1329367320,40.7889,-73.9704
1329367320,40.769,-73.9554
1329367320,40.7643,-73.9884
1329367320,40.7714,-73.9596
1329367320,40.7436,-73.9209
1329367320,40.7438,-74.0071
1329367320,40.7756,-73.9494
1329367320,40.7574,-73.984
1329367320,40.7139,-73.9993
1329367320,40.7805,-73.9548
1329367320,40.8031,-73.9637
1329367320,40.7544,-73.9915
1329367320,40.7555,-73.9878
1329367320,40.7578,-73.9635
1329367320,40.751,-73.9711
1329367320,40.6803,-73.9949
1329367320,40.7424,-74.0043
1329367320,40.7488,-73.9889
1329367320,40.718,-73.9576
1329367320,40.7265,-74.0054
1329367321,40.7618,-73.9255
1329367322,40.7415,-74.0011
1329367323,40.7363,-73.9789
1329367326,40.7346,-73.9908
1329367326,40.7273,-73.9953
1329367328,40.7583,-73.9887
1329367330,40.7614,-73.9978
1329367331,40.7485,-73.9889
1329367332,40.7667,-73.9942
1329367332,40.7417,-73.9975
1329367335,40.7633,-73.9784
1329367335,40.7384,-73.9878
1329367336,40.7407,-74.005
1329367337,40.7392,-73.9829
1329367340,40.7582,-73.9734
1329367341,40.7956,-73.9388
1329367341,40.7671,-73.9899
1329367342,40.6842,-73.9775
1329367345,40.7392,-73.9947
1329367346,40.7703,-73.9602
1329367347,40.7619,-73.9867
1329367349,40.77,-73.9871
1329367351,40.7276,-73.9825
1329367352,40.7577,-73.9895
1329367353,40.7185,-74.0102
1329367353,40.7608,-73.991
1329367353,40.774,-73.9547
1329367357,40.7465,-73.9916
1329367367,40.7485,-73.9887
1329367367,40.7221,-73.9865
1329367370,40.7381,-74.0044
1329367370,40.6569,-73.7941
1329367370,40.7573,-73.9892
1329367372,40.7317,-74.001
1329367374,40.746,-73.9745
1329367374,40.7398,-73.9214
1329367378,40.7677,-73.9851
1329367380,40.7181,-73.9961
1329367380,40.7577,-73.9683
1329367380,40.7631,-73.9716
1329367380,0,0
1329367380,40.7652,-73.9878
1329367380,40.7465,-73.9776
1329367380,40.8145,-73.9295
1329367380,40.7704,-73.9604
1329367380,40.7452,-73.9986
1329367380,40.7118,-73.8601
1329367380,40.7314,-74.0012
1329367380,40.7494,-73.988
1329367380,40.7278,-73.9881
1329367380,40.7499,-73.9717
1329367380,40.7257,-74.0039
1329367380,40.7135,-74.0094
1329367380,40.7713,-73.9822
1329367380,40.7613,-73.998
1329367380,40.7606,-73.9846
1329367380,40.7231,-73.9988
1329367380,40.7388,-73.9829
1329367380,40.793,-73.973
1329367380,40.7547,-73.8956
1329367380,40.7921,-73.9737
1329367380,40.756,-73.8823
1329367380,40.7351,-73.9918
1329367380,0,0
1329367380,40.7464,-73.8906
1329367380,40.7282,-74.0416
1329367380,40.7459,-73.9781
1329367384,40.771,-73.9539
1329367385,40.7461,-73.978
1329367388,40.7183,-73.9572
1329367389,40.7671,-73.9965
1329367391,40.7281,-73.9991
1329367394,40.7589,-73.973
1329367395,40.7719,-73.9792
1329367395,40.7439,-74.0063
1329367396,40.7677,-73.9646
1329367400,40.7794,-73.9474
1329367405,40.7516,-73.9938
1329367406,40.7326,-73.9877
1329367413,40.7067,-74.0092
1329367415,40.7141,-73.9515
1329367417,40.7644,-73.9596
1329367418,40.7555,-73.9761
1329367419,0,0
1329367419,40.7258,-73.9898
1329367422,40.7902,-73.9477
1329367424,40.7694,-73.958
1329367424,40.7271,-73.9917
1329367424,40.6911,-73.9892
1329367428,40.767,-73.9565
1329367428,40.7318,-73.9883
1329367429,40.7264,-74.0056
1329367429,40.7293,-74.0003
1329367433,40.7141,-73.9976
1329367435,40.7218,-73.9853
1329367436,40.7636,-73.9854
1329367440,40.7769,-73.9791
1329367440,40.7805,-73.9549
1329367440,40.7198,-73.9873
1329367440,40.7567,-73.9883
1329367440,40.7454,-73.9774
1329367440,40.7776,-73.9571
1329367440,40.7584,-73.9927
1329367440,40.7396,-74.0026
1329367440,40.7142,-74.0059
1329367440,40.7296,-73.99
1329367440,40.7565,-73.9856
1329367440,40.7545,-73.8956
1329367440,40.7601,-73.9844
1329367440,0,0
1329367440,40.7341,-73.9993
1329367440,40.7079,-74.0065
1329367440,40.7868,-73.9534
1329367440,40.7124,-73.9678
1329367440,0,0
1329367440,0,0
1329367440,40.7305,-74.0002
1329367440,40.6453,-73.7774
1329367440,40.7322,-73.985
1329367440,40.7584,-73.9632
1329367440,40.7764,-73.958
1329367440,40.7475,-73.8966
1329367440,40.7539,-73.9847
1329367441,40.7271,-74.0055
1329367442,40.7394,-73.9953
1329367443,40.7471,-73.8908
1329367447,40.7946,-73.9713
1329367449,40.7499,-73.9915
1329367451,40.7531,-73.9415
1329367452,40.7514,-73.994
1329367454,40.6692,-73.9375
1329367457,40.7807,-73.9526
1329367466,40.7244,-73.9972
1329367470,40.7428,-74.0039
1329367470,40.7487,-73.9887
1329367471,40.7794,-73.9811
1329367473,40.754,-73.9721
1329367480,40.7718,-73.9533
1329367483,40.6453,-73.7993
1329367483,40.7505,-73.9911
1329367485,40.7316,-73.9891
1329367485,40.7601,-73.9852
1329367487,40.756,-73.9862
1329367488,40.7498,-73.9919
1329367491,40.713,-73.9586
1329367491,40.8422,-73.9393
1329367492,40.8029,-73.9638
1329367492,40.7336,-74.0029
1329367494,40.7641,-73.9884
1329367500,40.764,-73.9806
1329367500,40.7205,-73.9968
1329367500,40.759,-73.9686
1329367500,40.7375,-74.0017
1329367500,40.7224,-73.9872
1329367500,40.7305,-73.9864
1329367500,40.7919,-73.9646
1329367500,0,0
1329367500,40.7494,-73.9923
1329367500,40.7529,-73.9753
1329367500,40.7768,-73.9792
1329367500,40.6911,-74.1809
1329367500,40.7063,-74.0093
1329367500,40.7638,-73.9845
1329367500,0,0
1329367500,40.7394,-73.9991
1329367500,40.7593,-73.9886
1329367500,40.8353,-73.9698
1329367500,40.7486,-73.9875
1329367500,40.7602,-73.9864
1329367500,40.7785,-73.9819
1329367500,40.7377,-74.0082
1329367500,40.7314,-73.9885
1329367500,40.7642,-73.9873
1329367500,40.7639,-73.9959
1329367501,40.7859,-73.9509
1329367501,40.7555,-73.9649
1329367501,40.7648,-73.9742
1329367502,40.6449,-73.7814
1329367505,40.7571,-73.9903
1329367505,40.7774,-73.9462
1329367506,40.7459,-74.0018
1329367506,40.74,-74.0032
1329367511,40.7446,-73.9757
1329367512,40.8006,-73.9576
1329367513,40.7386,-73.9854
1329367513,40.8078,-73.9642
1329367516,40.7541,-73.9705
1329367519,40.743,-73.9848
1329367519,40.7406,-74.0078
1329367520,40.7962,-73.9383
1329367520,40.7442,-74.0064
1329367522,40.7584,-73.9657
1329367524,40.6903,-73.9944
1329367526,40.7212,-73.9844
1329367530,40.7547,-73.9778
1329367531,40.6622,-73.9147
1329367532,40.7649,-73.9879
1329367533,40.7392,-73.999
1329367533,40.7199,-73.9876
1329367533,40.7161,-73.9919
1329367533,40.7889,-73.976
1329367535,40.7374,-74.0047
1329367536,40.7542,-73.9854
1329367536,40.7712,-73.9526
1329367537,40.7472,-73.9865
1329367544,40.799,-73.9686
1329367546,40.7727,-73.9556
1329367557,40.779,-73.9817
1329367560,40.7133,-73.9983
1329367560,40.7726,-73.9557
1329367560,40.7405,-73.9983
1329367560,40.726,-73.9865
1329367560,40.7628,-73.982
1329367560,40.7714,-73.9596
1329367560,40.7267,-74.0004
1329367560,40.763,-73.9832
1329367560,40.7342,-73.9891
1329367560,40.7465,-73.9776
1329367560,40.77,-73.9561
1329367560,40.7622,-73.9682
1329367560,40.6896,-73.967
1329367560,0,0
1329367560,40.7616,-73.9625
1329367560,40.766,-73.963
1329367560,40.7721,-73.9515
1329367560,40.7589,-73.9921
1329367560,40.7287,-73.9786
1329367560,40.6843,-73.9972
1329367560,40.7492,-73.8438
1329367560,40.7793,-73.9563
1329367560,40.764,-73.9818
1329367560,40.7091,-73.9592
1329367560,40.7309,-74.0015
1329367562,40.7416,-74.0068
1329367562,40.7298,-73.981
1329367563,40.7397,-74.0026
1329367564,40.7563,-73.9791
1329367564,40.7492,-73.9767
1329367564,40.732,-73.9838
1329367569,40.6456,-73.7766
1329367573,40.7549,-73.9738
1329367575,40.7835,-73.9782
1329367579,40.7946,-73.974
1329367580,40.7501,-73.9913
1329367580,40.7837,-73.9502
1329367582,40.7438,-74.0061
1329367587,40.7356,-73.9755
1329367590,40.7775,-73.9462
1329367590,40.7475,-73.8934
1329367590,40.7188,-73.9994
1329367594,40.6845,-73.9787
1329367599,40.7694,-73.9887
1329367599,0,0
1329367600,40.7471,-73.9736
1329367601,40.75,-73.9389
1329367608,40.7974,-73.9387
1329367609,40.812,-73.9425
1329367610,40.747,-73.986
1329367614,40.7469,-73.9902
1329367614,40.7536,-73.9136
1329367620,40.7535,-73.9812
1329367620,40.7498,-73.9917
1329367620,40.7571,-73.9754
1329367620,40.7348,-74.0022
1329367620,40.754,-73.9826
1329367620,40.7705,-73.9542
1329367620,40.7052,-74.0096
1329367620,40.7436,-73.9802
1329367620,40.7454,-74.0021
1329367620,40.7793,-73.9553
1329367620,40.7349,-73.9906
1329367620,40.7462,-74.0007
1329367620,40.7393,-73.9829
1329367620,40.7426,-73.9812
1329367620,0,0
1329367620,40.7219,-73.9995
1329367620,40.7605,-73.9583
1329367620,40.767,-73.9597
1329367620,40.7572,-73.9759
1329367620,40.7246,-73.9785
1329367620,40.7932,-73.9726
1329367620,40.7556,-73.9937
1329367620,40.7641,-73.9707
1329367621,40.7291,-74.0006
1329367623,40.7912,-73.9652
1329367623,40.7321,-73.8519
1329367624,40.7457,-73.9724
1329367625,40.7763,-73.9558
1329367626,40.738,-73.988
1329367627,40.7613,-73.9691
1329367628,40.747,-73.9857
1329367628,40.794,-73.9401
1329367630,40.7788,-73.9482
1329367631,40.7414,-73.9815
1329367633,40.7514,-73.9916
1329367639,40.7734,-73.9551
1329367642,40.7437,-73.9818
1329367645,40.7626,-73.9824
1329367650,40.7201,-73.9942
1329367650,40.7379,-73.9876
1329367653,40.7834,-73.9744
1329367653,40.7934,-73.973
1329367658,40.7431,-74.0009
1329367662,40.7585,-73.966
1329367668,40.7401,-73.9863
1329367671,40.7368,-73.9846
1329367676,40.7334,-74.0063
1329367678,40.7053,-74.0132
1329367678,40.7508,-73.9873
1329367680,40.7276,-74.0014
1329367680,40.7709,-73.9537
1329367680,40.7317,-73.9823
1329367680,40.7356,-73.9982
1329367680,40.735,-73.9987
1329367680,40.7718,-73.9634
1329367680,40.7248,-74.0031
1329367680,40.7626,-73.9838
1329367680,40.8077,-73.9392
1329367680,40.7802,-73.9574
1329367680,40.7448,-73.9839
1329367680,40.7345,-74.0024
1329367680,40.7214,-73.984
1329367680,40.7338,-73.9839
1329367680,40.7409,-74.0021
1329367680,40.725,-73.9956
1329367680,40.7882,-73.9764
1329367680,40.8007,-73.968
1329367680,40.7515,-73.9846
1329367680,40.7643,-73.9807
1329367680,40.7368,-73.9906
1329367680,40.7656,-73.9576
1329367680,40.7615,-73.9707
1329367682,40.7221,-73.9865
1329367685,40.7642,-73.962
1329367686,40.7337,-73.9994
1329367687,0,0
1329367687,40.8408,-73.9401
1329367688,40.7566,-73.9736
1329367689,40.7503,-73.9909
1329367689,40.7453,-73.9912
1329367690,40.741,-74.0088
1329367691,40.7195,-73.9869
1329367692,40.7891,-73.9706
1329367702,40.7435,-73.996
1329367703,40.8213,-73.9544
1329367703,40.7633,-73.989
1329367714,40.7575,-73.9664
1329367715,40.7507,-73.9909
1329367716,40.7512,-73.9713
1329367716,40.714,-74.0061
1329367717,40.739,-74.0626
1329367718,40.8534,-73.9341
1329367719,40.7242,-74.002
1329367722,40.6806,-73.999
1329367722,40.7522,-73.9431
1329367728,40.7833,-73.9782
1329367730,40.7285,-73.9818
1329367732,40.7568,-73.9896
1329367736,40.7566,-73.9898
1329367738,40.7459,-73.9779
1329367739,40.7205,-73.997
1329367740,40.7232,-73.9857
1329367740,40.7861,-73.953
1329367740,40.7145,-74.0085
1329367740,40.7316,-73.9891
1329367740,40.7394,-73.9991
1329367740,40.7486,-73.989
1329367740,40.7419,-74.0038
1329367740,40.7505,-73.9907
1329367740,40.7902,-73.952
1329367740,40.75,-73.9788
1329367740,40.752,-73.9395
1329367740,40.7512,-73.9941
1329367740,40.7827,-73.9452
1329367740,40.7617,-73.9615
1329367740,40.765,-73.9791
1329367740,40.7448,-73.9972
1329367740,40.7593,-73.9896
1329367740,40.7436,-74.0056
1329367740,40.7442,-73.9921
1329367748,40.7271,-73.9829
1329367750,40.728,-73.9791
1329367752,40.7406,-74.0019
1329367754,40.7287,-74.0002
1329367755,40.7198,-74.0024
1329367756,40.7685,-73.987
1329367761,40.7629,-73.9697
1329367761,40.7372,-73.9968
1329367762,40.775,-73.9509
1329367767,40.7376,-74.0083
1329367770,40.7852,-73.9731
1329367770,40.6454,-73.7767
1329367772,40.7345,-74.0023
1329367773,40.7935,-73.9708
1329367775,40.7716,-73.9532
1329367778,40.798,-73.9696
1329367778,40.7415,-73.9937
1329367781,40.7499,-73.9879
1329367782,40.813,-73.9616
1329367782,40.759,-73.9733
1329367784,40.7592,-73.9728
1329367785,40.7367,-73.9972
1329367786,40.7173,-74.0128
1329367787,40.7501,-73.9918
1329367787,40.7785,-73.9454
1329367789,40.7549,-73.9837
1329367791,40.7653,-73.9875
1329367791,40.7633,-73.9821
1329367792,40.7933,-73.9726
1329367792,40.7187,-73.9884
1329367794,40.7531,-73.9965
1329367795,40.6772,-73.9725
1329367797,40.7739,-73.9547
1329367797,40.7575,-73.97
1329367798,40.7582,-73.9928
1329367799,40.7718,-73.9827
1329367799,40.7408,-74.0052
1329367800,40.7409,-74.0051
1329367800,40.7736,-73.9522
1329367800,40.7756,-73.9506
1329367800,40.7611,-73.9946
1329367800,40.8076,-73.9644
1329367800,40.7717,-73.9461
1329367800,40.7525,-73.9918
1329367800,40.7607,-73.989
1329367800,40.7317,-73.9824
1329367800,40.745,-73.9727
1329367800,40.7601,-73.9855
1329367800,40.7408,-74.0052
1329367800,40.74,-73.9868
1329367800,40.7676,-73.9595
1329367800,40.7711,-73.9568
1329367800,40.7592,-73.9651
1329367800,40.7266,-73.9916
1329367801,40.762,-73.9778
1329367806,40.726,-73.9896
1329367807,40.7093,-73.9641
1329367807,40.7785,-73.9533
1329367810,40.7386,-73.9999
1329367810,40.7713,-73.9268
1329367812,40.7295,-73.9899
1329367813,40.7673,-73.9959
1329367814,40.7553,-73.922
1329367824,40.7383,-73.9834
1329367829,40.7349,-73.9986
1329367831,40.7623,-74.0004
1329367831,40.7609,-73.9689
1329367836,40.7436,-73.9204
1329367838,40.7632,-73.9815
1329367840,40.7978,-73.964
1329367840,40.6928,-73.9931
1329367850,40.7516,-73.9937
1329367851,40.7602,-73.9876
1329367853,40.7251,-73.9959
1329367853,40.7693,-73.9851
1329367854,40.761,-73.9878
1329367856,40.7387,-74.0024
1329367857,40.7365,-73.9891
1329367857,40.7443,-73.9494
1329367860,40.7508,-73.8941
1329367860,40.7219,-73.9998
1329367860,40.7552,-73.9685
1329367860,40.6462,-73.7769
1329367860,40.7586,-73.9889
1329367860,40.7885,-73.9672
1329367860,40.7614,-73.9725
1329367860,0,0
1329367860,40.7137,-73.9984
1329367860,40.7407,-74.0055
1329367860,40.7793,-73.9816
1329367860,40.7345,-73.99
1329367860,40.7577,-73.9822
1329367860,40.7447,-73.9951
1329367860,40.7273,-73.9855
1329367860,0,0
1329367860,40.746,-73.9845
1329367860,0,0
1329367860,40.7118,-73.9405
1329367860,40.7407,-74.0052
1329367863,40.7389,-73.9831
1329367867,40.7497,-73.9915
1329367868,40.7607,-73.9982
1329367869,40.8123,-73.9296
1329367870,40.7706,-73.951
1329367870,40.7481,-73.9891
1329367873,40.7175,-73.9991
1329367874,40.7597,-73.8305
1329367879,40.7492,-73.9877
1329367880,40.7889,-73.9668
1329367880,40.7621,-73.9752
1329367881,40.7217,-73.9845
1329367884,40.7442,-74.0066
1329367889,40.7678,-73.9829
1329367891,40.7621,-73.9602
1329367892,40.7502,-73.9913
1329367895,40.7556,-73.9918
1329367895,40.7663,-73.9601
1329367898,40.7027,-74.0107
1329367899,40.7512,-73.9942
1329367902,40.7621,-73.9884
1329367903,40.7995,-73.9678
1329367904,40.744,-74.0067
1329367905,40.7343,-73.9898
1329367910,40.7649,-73.9768
1329367911,40.7331,-74.0073
1329367911,40.7421,-73.9808
1329367911,40.6488,-73.7829
1329367920,40.7685,-73.8687
1329367920,40.7327,-73.9875
1329367920,0,0
1329367920,40.7564,-73.9727
1329367920,40.7579,-73.9849
1329367920,40.7367,-73.9974
1329367920,40.7416,-73.9938
1329367920,40.7331,-73.9758
1329367920,40.7672,-73.956
1329367920,40.7395,-73.9828
1329367920,40.8015,-73.9649
1329367920,40.7927,-73.9734
1329367920,40.7694,-73.952
1329367920,40.7604,-73.9822
1329367920,40.7471,-73.9851
1329367920,40.7332,-73.9876
1329367920,40.7742,-73.8729
1329367920,40.6459,-73.7767
1329367920,40.7183,-73.9572
1329367920,40.7796,-73.9772
1329367920,40.7799,-73.956
1329367920,40.7538,-73.9741
1329367920,40.7822,-73.9514
1329367920,0,0
1329367920,0,0
1329367920,40.7512,-73.994
1329367925,40.7429,-73.9179
1329367927,40.7705,-73.9576
1329367927,40.7335,-74.0028
1329367927,40.6465,-73.7767
1329367929,40.7862,-73.976
1329367930,40.746,-73.9845
1329367932,40.7511,-73.9942
1329367932,40.7533,-73.9815
1329367936,40.7556,-73.977
1329367940,40.7738,-73.9815
1329367942,40.7543,-73.9984
1329367943,40.7623,-73.926
1329367944,40.7353,-73.9983
1329367946,40.7254,-73.9969
1329367948,40.7349,-73.9983
1329367950,40.7728,-73.8684
1329367955,40.7453,-73.9757
1329367956,40.7421,-74.0008
1329367958,40.7484,-73.9805
1329367960,40.7316,-73.8723
1329367962,40.7327,-73.9878
1329367963,40.7201,-73.9882
1329367964,40.7464,-74.0013
1329367967,40.7729,-73.9557
1329367968,40.7673,-73.9547
1329367971,40.6886,-73.989
1329367971,40.7079,-74.0042
1329367972,40.7586,-73.9925
1329367973,40.7579,-73.9695
1329367974,40.7462,-73.9778
1329367975,40.7561,-73.9728
1329367975,40.7585,-73.9749
1329367975,40.7355,-73.9922
1329367977,40.7576,-73.9761
1329367978,40.6441,-73.7834
1329367978,40.7316,-74.0011
1329367980,40.7771,-73.9464
1329367980,40.729,-73.994
1329367980,40.7667,-73.9783
1329367980,40.8052,-73.9476
1329367980,40.7456,-73.904
1329367980,40.7687,-73.9896
1329367980,40.7892,-73.9464
1329367980,40.7312,-73.9889
1329367980,0,0
1329367980,40.7645,-73.9802
1329367980,40.758,-73.991
1329367980,40.7393,-73.9799
1329367980,40.7379,-73.9965
1329367980,40.7547,-73.9697
1329367980,40.7455,-73.9724
1329367980,40.7712,-73.9563
1329367980,40.7588,-73.9814
1329367980,40.7641,-73.9788
1329367980,40.7063,-73.8182
1329367980,40.7244,-73.9908
1329367980,40.7208,-73.9895
1329367984,40.7272,-73.9826
1329367984,40.753,-73.9863
1329367987,40.8339,-73.9423
1329367990,40.8063,-73.9653
1329367990,40.7702,-73.9176
1329367993,40.7252,-73.9842
1329367995,40.7503,-73.9882
1329367996,40.7621,-73.9605
1329367997,40.7479,-73.9736
1329368001,0,0
1329368003,40.8226,-73.9534
1329368005,40.75,-73.9919
1329368005,40.7762,-73.9819
1329368006,40.7661,-73.9635
1329368008,40.7234,-73.9883
1329368011,40.7483,-73.989
1329368011,40.7487,-73.9884
1329368014,40.807,-73.9277
1329368015,40.7568,-73.9897
1329368015,40.7629,-73.9744
1329368018,40.7517,-73.9865
1329368019,40.8614,-73.8289
1329368019,40.7313,-73.9824
1329368024,40.7638,-73.9709
1329368029,40.7499,-73.9916
1329368029,40.7461,-73.9777
1329368031,40.7641,-73.9778
1329368031,40.7264,-73.9894
1329368032,40.7465,-73.9799
1329368034,40.753,-74.0039
1329368035,40.7434,-74.0074
1329368036,40.7563,-73.9936
1329368040,40.7442,-73.9763
1329368040,40.6455,-73.7768
1329368040,40.7397,-73.9766
1329368040,40.7497,-73.9916
1329368040,40.7365,-74.0063
1329368040,40.7237,-73.951
1329368040,40.7923,-73.9642
1329368040,40.7013,-73.9397
1329368040,40.7656,-73.9265
1329368040,40.7485,-73.9864
1329368040,40.7597,-73.9879
1329368040,40.7262,-74.0099
1329368040,40.7084,-74.0153
1329368040,40.7335,-74.0027
1329368040,40.7537,-73.9812
1329368040,40.7569,-73.9898
1329368040,40.7535,-73.9792
1329368040,40.7421,-73.9748
1329368040,40.6655,-73.742
1329368040,40.7584,-73.9686
1329368040,40.7537,-73.9736
1329368041,40.678,-73.9826
1329368042,40.7354,-73.9828
1329368045,40.744,-73.9795
1329368046,40.73,-73.9792
1329368046,40.7571,-73.9898
1329368049,40.7672,-73.9899
1329368050,40.7439,-73.9767
1329368052,0,0
1329368057,40.7525,-73.9675
1329368058,40.7548,-73.9686
1329368059,40.7495,-74.0028
1329368064,40.7929,-73.9731
1329368064,40.7785,-73.9528
1329368074,40.7407,-73.9839
1329368075,40.7211,-73.9983
1329368078,40.7257,-73.9899
1329368079,40.7153,-74.0157
1329368079,40.802,-73.9647
1329368081,40.756,-73.9691
1329368082,40.7593,-73.9731
1329368082,40.7439,-74.0063
1329368084,40.7385,-73.9958
1329368087,40.7172,-73.9985
1329368087,40.7095,-74.0121
1329368092,40.8003,-73.9693
1329368092,40.7286,-73.9878
1329368093,40.7442,-74.0067
1329368093,40.786,-73.9726
1329368094,40.7622,-73.9791
1329368098,40.7887,-73.9555
1329368100,40.7627,-73.9679
1329368100,40.7631,-73.9829
1329368100,40.7548,-73.9684
1329368100,40.7277,-73.8133
1329368100,40.7917,-73.9686
1329368100,40.771,-73.9538
1329368100,40.7766,-73.9468
1329368100,40.7366,-74.0057
1329368100,40.7637,-73.9883
1329368100,40.741,-74.0076
1329368100,40.644,-73.7829
1329368100,40.789,-73.953
1329368100,40.792,-73.9738
1329368100,40.7569,-73.9903
1329368100,40.7596,-73.9881
1329368100,40.7492,-73.9882
1329368100,40.7297,-73.987
1329368100,40.7932,-73.9406
1329368100,40.8211,-73.9462
1329368100,40.7438,-74.0034
1329368100,40.7575,-73.9697
1329368100,40.7372,-74.0052
1329368100,40.7514,-73.9449
1329368100,40.7512,-73.9941
1329368100,40.7569,-73.9671
1329368101,40.7453,-73.9874
1329368101,0,0
1329368103,40.767,-73.9192
1329368107,40.7494,-73.988
1329368107,40.763,-73.9824
1329368109,40.7338,-73.9993
1329368118,40.7655,-73.9183
1329368120,40.7331,-74.0001
1329368122,40.7595,-73.9895
1329368125,40.7458,-73.9938
1329368125,40.7311,-74.0042
1329368137,40.7258,-74.0055
1329368138,40.7802,-73.9531
1329368146,40.7623,-73.9794
1329368147,40.7739,-73.9849
1329368148,40.6552,-73.9597
1329368148,40.7491,-73.9755
1329368157,40.7703,-73.9876
1329368157,40.7316,-73.9885
1329368160,40.7569,-73.9725
1329368160,40.7612,-73.9739
1329368160,40.7957,-73.9713
1329368160,40.7777,-73.989
1329368160,40.757,-73.9899
1329368160,40.7691,-73.8636
1329368160,40.6466,-73.7774
1329368160,40.7443,-73.9857
1329368160,40.7586,-73.9633
1329368160,40.721,-73.9938
1329368160,40.7167,-74.0146
1329368160,40.7799,-73.9503
1329368160,40.7213,-73.9879
1329368160,40.7239,-73.9928
1329368160,40.8043,-73.9555
1329368160,40.7598,-73.9956
1329368160,40.7279,-73.9761
1329368160,40.7864,-73.9761
1329368160,40.7264,-73.9892
1329368160,40.736,-73.9935
1329368160,40.7258,-74.0056
1329368160,40.8013,-73.9577
1329368160,40.7705,-73.954
1329368160,40.756,-73.9819
1329368160,40.7575,-73.9896
1329368160,40.7964,-73.9382
1329368160,40.7667,-73.963
1329368160,40.7563,-73.973
1329368160,40.7294,-73.9897
1329368160,40.7181,-73.9998
1329368160,40.744,-74.0067
1329368160,40.7344,-73.9803
1329368160,40.8032,-73.9407
1329368160,40.7577,-73.9798
1329368160,40.7589,-73.9657
1329368161,40.7427,-73.9806
1329368164,40.7448,-73.9761
1329368164,40.7258,-74.0076
1329368165,40.7517,-74.0014
1329368168,40.7835,-73.9476
1329368177,40.7625,-73.9629
1329368182,40.782,-73.9558
1329368184,40.7507,-73.9398
1329368185,40.7115,-74.0111
1329368189,40.7408,-74.0054
1329368190,40.6346,-73.9675
1329368191,40.7731,-73.982
1329368195,40.7452,-73.9787
1329368195,40.7592,-73.9724
1329368195,40.7596,-73.988
1329368201,40.7635,-73.9929
1329368201,40.7253,-73.9954
1329368203,40.7439,-74.0064
1329368204,40.7573,-73.9934
1329368204,40.7469,-73.9742
1329368205,40.7415,-73.9975
1329368207,40.7577,-73.989
1329368209,40.7388,-73.9803
1329368211,40.762,-73.9827
1329368215,40.6939,-73.9832
1329368215,40.7347,-73.985
1329368216,40.7442,-73.9885
1329368219,40.7601,-73.9668
1329368220,40.7451,-73.9787
1329368220,40.7188,-73.9882
1329368220,40.7565,-73.9744
1329368220,40.7318,-73.9854
1329368220,40.7369,-73.9784
1329368220,40.7007,-73.9881
1329368220,40.7404,-73.998
1329368220,40.8041,-73.9664
1329368220,40.7991,-73.963
1329368220,40.7833,-73.9805
1329368220,40.7525,-73.9744
1329368220,40.7454,-73.9911
1329368220,40.7678,-73.9561
1329368220,40.8051,-73.9661
1329368220,40.7621,-73.9867
1329368220,40.7589,-73.9718
1329368220,40.7523,-73.9768
1329368220,40.7584,-73.9886
1329368220,40.7793,-73.9447
1329368220,40.7455,-73.9913
1329368221,40.7255,-73.9963
1329368221,40.7761,-73.9797
1329368223,40.7416,-74.0048
1329368228,40.7165,-73.9965
1329368228,40.7304,-74.0017
1329368229,40.7497,-73.9955
1329368229,40.7639,-73.9785
1329368230,40.7435,-73.9725
1329368230,40.7299,-73.9931
1329368235,40.742,-73.9809
1329368236,40.7062,-74.0084
1329368238,40.7694,-73.9885
1329368239,40.7514,-73.9743
1329368240,40.7388,-73.9959
1329368241,40.7571,-73.9702
1329368241,40.7434,-73.9999
1329368248,40.7275,-74.0033
1329368249,40.7582,-74
1329368251,40.7762,-73.958
1329368252,40.7524,-73.9705
1329368254,40.7575,-73.9696
1329368256,40.7448,-73.9988
1329368258,40.7265,-73.9917
1329368259,40.7749,-73.957
1329368260,40.6908,-73.9893
1329368261,40.7554,-73.9748
1329368266,40.7598,-73.9883
1329368268,40.7824,-73.9486
1329368271,40.7948,-73.9716
1329368273,40.7287,-73.9846
1329368277,40.7686,-73.9925
1329368277,40.7421,-73.9746
1329368277,40.7484,-73.9962
1329368280,40.7641,-73.9885
1329368280,40.7454,-73.9753
1329368280,40.7581,-73.9706
1329368280,40.8019,-73.9573
1329368280,40.7389,-74.0005
1329368280,40.7374,-73.9928
1329368280,40.7776,-73.9821
1329368280,40.7526,-73.905
1329368280,40.7555,-73.9728
1329368280,40.7418,-73.9938
1329368280,40.7168,-73.9957
1329368280,40.7099,-74.0152
1329368280,40.7141,-73.9492
1329368280,40.7467,-73.9746
1329368280,40.7613,-73.9639
1329368280,40.7756,-73.9875
1329368280,40.7752,-73.9635
1329368280,40.7543,-73.9901
1329368280,40.7343,-73.9893
1329368280,40.7372,-73.9846
1329368280,40.7573,-73.9861
1329368280,40.7384,-73.9963
1329368280,40.8116,-73.9615
1329368280,40.7352,-73.9899
1329368282,40.7592,-73.9622
1329368286,40.7383,-74.0038
1329368286,40.7305,-73.9926
1329368289,40.6482,-73.803
1329368291,40.7712,-73.9566
1329368293,40.7118,-73.9434
1329368294,40.7713,-73.9565
1329368296,40.7633,-73.9285
1329368296,40.7232,-73.9885
1329368298,40.7236,-73.9965
1329368301,40.7482,-73.9865
1329368302,40.7477,-74.0006
1329368304,40.6442,-73.9579
1329368304,40.7928,-73.9747
1329368305,40.7692,-73.9848
1329368305,40.8126,-73.928
1329368306,40.7315,-73.9893
1329368307,40.7197,-73.9871
1329368307,40.7224,-73.9972
1329368307,40.7406,-73.9861
1329368308,40.7415,-74.0011
1329368308,40.757,-73.9897
1329368310,40.7522,-73.9971
1329368311,40.7286,-73.9998
1329368312,40.7105,-73.9638
1329368315,40.7168,-73.9958
1329368318,40.6403,-73.7863
1329368319,40.7315,-73.9886
1329368319,40.7432,-73.993
1329368321,40.7927,-73.9675
1329368325,40.7472,-73.9898
1329368325,40.7451,-73.9768
1329368327,40.7681,-73.9861
1329368328,40.7486,-73.9759
1329368330,40.7604,-73.9949
1329368330,40.762,-73.9714
1329368331,40.7946,-73.9717
1329368339,40.7773,-73.9462
1329368340,40.741,-74.0052
1329368340,40.7216,-73.9839
1329368340,40.744,-74.0066
1329368340,40.7316,-73.9903
1329368340,40.7214,-73.9838
1329368340,40.7048,-74.0164
1329368340,40.8151,-73.9589
1329368340,40.7507,-73.9905
1329368340,40.7631,-73.9823
1329368340,40.7411,-73.9941
1329368340,40.7632,-73.985
1329368340,40.7414,-73.9856
1329368340,40.7599,-73.9861
1329368340,40.7587,-73.9883
1329368340,40.7353,-73.9859
1329368340,40.7265,-73.9964
1329368340,40.7533,-73.9466
1329368340,40.7474,-73.8928
1329368340,40.8132,-73.9353
1329368341,40.7203,-73.9442
1329368342,40.7479,-73.9735
1329368350,40.764,-73.9826
1329368351,40.7609,-73.9797
1329368354,40.743,-73.9964
1329368356,40.7385,-74.0081
1329368356,40.7294,-73.99
1329368358,40.7564,-74.0016
1329368361,40.7318,-74.0008
1329368362,40.7519,-73.977
1329368368,40.7813,-73.9524
1329368374,40.7316,-74.0009
1329368377,40.7304,-73.9833
1329368381,40.7405,-74.0019
1329368381,40.7297,-73.9986
1329368382,40.7028,-74.0118
1329368382,40.7595,-73.9953
1329368385,40.7596,-73.9702
1329368388,40.7579,-73.9756
1329368393,40.7478,-73.8839
1329368394,40.7717,-73.9827
1329368395,40.7435,-73.9925
1329368396,0,0
1329368397,40.7707,-73.9568
1329368398,40.707,-74.0053
1329368398,40.7665,-73.9205
